win_length,x,dXY,dXY_inv,vX,vX_inv,vY,vY_inv,q0,q0_pval_inf,q0_pval_sup
6,0,0.132997,0,0.111111,0,0.183424,0,0.0216495,0,0
6,1,0.106481,0,0.0277778,0,0.199637,0,0.07576,0,0
6,2,0.103535,0,0,0,0.195429,0,0.098519,0,0
6,3,0.107323,0,0,0,0.201658,0,0.101946,0,0
6,4,0.111953,0,0,0,0.209751,0,0.106118,0,0
6,5,0.112374,0,0,0,0.210231,0,0.106496,0,0
6,6,0.113636,0,0,0,0.212549,0,0.107631,0,0
6,7,0.125,0,0,0,0.232246,0,0.117783,0,0
6,8,0.127946,0,0,0,0.237814,0,0.120398,0,0
6,9,0.131734,0,0,0,0.24469,0,0.123751,0,0
6,10,0.136364,0,0,0,0.25237,0,0.127833,0,0
6,11,0.0993266,0,0,0,0.184343,0,0.0946978,0,0
6,12,0.0690236,0,0,0,0.128581,0,0.0667457,0,0
6,13,0.0454545,0,0,0,0.0855348,0,0.0444518,0,0
6,14,0.0286195,0,0,0,0.0545455,0,0.0282176,0,0
6,15,0.0185185,0,0,0,0.0360917,0,0.0183491,0,0
6,16,0.0164141,0,0,0,0.0327376,0,0.0162809,0,0
6,17,0.020202,0,0,0,0.0400414,0,0.0200007,0,0
6,18,0.0252525,0,0,0,0.0497151,0,0.0249389,0,0
6,19,0.0513468,0,0.0277778,0,0.0806527,0,0.0232956,0,0
6,20,0.0723906,0,0.0277778,0,0.11993,0,0.0436463,0,0
6,21,0.0963805,0,0.0277778,0,0.164983,0,0.0663519,0,0
6,22,0.104377,0,0.0277778,0,0.179422,0,0.0738073,0,0
6,23,0.161195,0,0.111111,0,0.247229,0,0.0488703,0,0
6,24,0.258628,0,0.25,0,0.349482,0,0.00859094,0,0
6,25,0.286195,0,0.25,0,0.380899,0,0.0355556,0,0
6,26,0.405934,0,0.444444,0,0.475421,0,-0.0392712,0,0
6,27,0.563552,0,0.694444,0,0.618894,0,-0.140288,0,0
6,28,0.777146,0,1,0,0.802176,0,-0.252126,0,0
6,29,0.77883,0,1,0,0.796866,0,-0.249963,0,0
6,30,0.582071,0,0.694444,0,0.63547,0,-0.119205,0,0
6,31,0.381944,0,0.444444,0,0.435574,0,-0.0645385,0,0
6,32,0.371002,0,0.444444,0,0.425291,0,-0.0762795,0,0
6,33,0.367214,0,0.444444,0,0.388695,0,-0.080376,0,0
6,34,0.323443,0,0.444444,0,0.348757,0,-0.128972,0,0
6,35,0.344487,0,0.444444,0,0.360166,0,-0.105314,0,0
6,36,0.491582,0,0.694444,0,0.48143,0,-0.226727,0,0
6,37,0.494949,0,0.694444,0,0.490171,0,-0.222512,0,0
6,38,0.405513,0,0.444444,0,0.426353,0,-0.039709,0,0
6,39,0.424032,0,0.444444,0,0.448627,0,-0.0206237,0,0
6,40,0.469487,0,0.444444,0,0.494121,0,0.0247337,0,0
6,41,0.407197,0,0.444444,0,0.45834,0,-0.0379589,0,0
6,42,0.395623,0,0.444444,0,0.451865,0,-0.0500536,0,0
6,43,0.532407,0,0.694444,0,0.583864,0,-0.176781,0,0
6,44,0.604377,0,1,0,0.628114,0,-0.503557,0,0
6,45,0.497264,0,0.694444,0,0.594263,0,-0.219625,0,0
6,46,0.505682,0,0.694444,0,0.594185,0,-0.209195,0,0
6,47,0.450547,0,0.444444,0,0.563196,0,0.00608415,0,0
6,48,0.425505,0,0.444444,0,0.511797,0,-0.019121,0,0
6,49,0.460648,0,0.444444,0,0.547293,0,0.0160738,0,0
6,50,0.449495,0,0.444444,0,0.521044,0,0.00503779,0,0
6,51,0.54314,0,0.694444,0,0.556579,0,-0.164055,0,0
6,52,0.344697,0,0.444444,0,0.360205,0,-0.10508,0,0
6,53,0.399832,0,0.694444,0,0.3795,0,-0.349008,0,0
6,54,0.381944,0,0.694444,0,0.350622,0,-0.374693,0,0
6,55,0.226852,0,0.444444,0,0.208547,0,-0.24538,0,0
6,56,0.256524,0,0.444444,0,0.241336,0,-0.208157,0,0
6,57,0.236322,0,0.444444,0,0.231443,0,-0.233349,0,0
6,58,0.40383,0,0.694444,0,0.38762,0,-0.343356,0,0
6,59,0.277988,0,0.444444,0,0.268104,0,-0.182069,0,0
6,60,0.310816,0,0.444444,0,0.311797,0,-0.143441,0,0
6,61,0.514731,0,0.694444,0,0.496283,0,-0.198102,0,0
6,62,0.529251,0,0.694444,0,0.511202,0,-0.180555,0,0
6,63,0.376684,0,0.444444,0,0.388151,0,-0.070166,0,0
6,64,0.317971,0,0.444444,0,0.352137,0,-0.135216,0,0
6,65,0.505261,0,0.694444,0,0.500324,0,-0.209714,0,0
6,66,0.506944,0,0.694444,0,0.525809,0,-0.207639,0,0
6,67,0.326178,0,0.444444,0,0.371057,0,-0.125865,0,0
6,68,0.268308,0,0.25,0,0.338021,0,0.0181425,0,0
6,69,0.410774,0,0.444444,0,0.468739,0,-0.0342499,0,0
6,70,0.409301,0,0.444444,0,0.455374,0,-0.0357755,0,0
6,71,0.371002,0,0.444444,0,0.457446,0,-0.0762795,0,0
6,72,0.242214,0,0.25,0,0.307472,0,-0.00781667,0,0
6,73,0.389099,0,0.444444,0,0.455594,0,-0.0569356,0,0
6,74,0.410143,0,0.694444,0,0.457369,0,-0.334496,0,0
6,75,0.303451,0,0.444444,0,0.375382,0,-0.151979,0,0
6,76,0.29798,0,0.444444,0,0.351748,0,-0.158368,0,0
6,77,0.204545,0,0.25,0,0.253328,0,-0.04652,0,0
6,78,0.26936,0,0.25,0,0.34965,0,0.0191752,0,0
6,79,0.253788,0,0.25,0,0.332388,0,0.00378072,0,0
6,80,0.289562,0,0.25,0,0.353367,0,0.0387997,0,0
6,81,0.39415,0,0.444444,0,0.408987,0,-0.0516035,0,0
6,82,0.376473,0,0.25,0,0.432932,0,0.119092,0,0
6,83,0.506734,0,0.444444,0,0.510671,0,0.0604265,0,0
6,84,0.531566,0,0.694444,0,0.4946,0,-0.177786,0,0
6,85,0.489478,0,0.444444,0,0.47511,0,0.0440491,0,0
6,86,0.314394,0,0.25,0,0.315113,0,0.0624056,0,0
6,87,0.299874,0,0.25,0,0.319891,0,0.0486699,0,0
6,88,0.376684,0,0.444444,0,0.380225,0,-0.070166,0,0
6,89,0.235059,0,0.25,0,0.26172,0,-0.0150538,0,0
6,90,0.268098,0,0.25,0,0.281689,0,0.0179358,0,0
6,91,0.319655,0,0.444444,0,0.316718,0,-0.133291,0,0
6,92,0.480008,0,0.694444,0,0.480834,0,-0.241353,0,0
6,93,0.475168,0,0.694444,0,0.482725,0,-0.247534,0,0
6,94,0.463805,0,0.694444,0,0.447449,0,-0.262196,0,0
6,95,0.696128,0,1,0,0.622507,0,-0.362222,0,0
6,96,0.712753,0,1,0,0.674631,0,-0.338621,0,0
6,97,0.640993,0,0.694444,0,0.633942,0,-0.0549327,0,0
6,98,0.655303,0,0.694444,0,0.645079,0,-0.039928,0,0
6,99,0.636153,0,0.444444,0,0.640624,0,0.175388,0,0
6,100,0.628157,0,0.444444,0,0.64166,0,0.168655,0,0
6,101,0.577441,0,0.444444,0,0.6482,0,0.124866,0,0
6,102,0.555135,0,0.444444,0,0.603406,0,0.104982,0,0
6,103,0.599537,0,0.694444,0,0.627337,0,-0.099718,0,0
6,104,0.578493,0,0.694444,0,0.622391,0,-0.123243,0,0
6,105,0.502736,0,0.694444,0,0.563649,0,-0.212833,0,0
6,106,0.509259,0,0.694444,0,0.583294,0,-0.204794,0,0
6,107,0.461069,0,0.444444,0,0.554248,0,0.0164879,0,0
6,108,0.45665,0,0.444444,0,0.533333,0,0.0121315,0,0
6,109,0.460859,0,0.444444,0,0.54662,0,0.0162809,0,0
6,110,0.453493,0,0.444444,0,0.520565,0,0.00900813,0,0
6,111,0.507997,0,0.694444,0,0.54526,0,-0.206345,0,0
6,112,0.357744,0,0.444444,0,0.399223,0,-0.0906912,0,0
6,113,0.42803,0,0.694444,0,0.433774,0,-0.309811,0,0
6,114,0.453704,0,0.694444,0,0.486247,0,-0.275412,0,0
6,115,0.355008,0,0.444444,0,0.421562,0,-0.0936911,0,0
6,116,0.371212,0,0.444444,0,0.436649,0,-0.0760524,0,0
6,117,0.40383,0,0.444444,0,0.450401,0,-0.0414623,0,0
6,118,0.582912,0,0.694444,0,0.617573,0,-0.118257,0,0
6,119,0.520202,0,0.694444,0,0.55404,0,-0.191454,0,0
6,120,0.546928,0,0.444444,0,0.576496,0,0.0975651,0,0
6,121,0.682449,0,0.694444,0,0.641738,0,-0.0120675,0,0
6,122,0.687079,0,0.694444,0,0.619917,0,-0.00739258,0,0
6,123,0.634049,0,0.444444,0,0.63683,0,0.173621,0,0
6,124,0.49032,0,0.25,0,0.528283,0,0.215369,0,0
6,125,0.363636,0,0.111111,0,0.391298,0,0.225162,0,0
6,126,0.206229,0,0.111111,0,0.22656,0,0.090862,0,0
6,127,0.195707,0,0.111111,0,0.231624,0,0.0812075,0,0
6,128,0.211911,0,0.111111,0,0.266939,0,0.0960369,0,0
6,129,0.113847,0,0.111111,0,0.136571,0,0.00273196,0,0
6,130,0.188131,0,0.25,0,0.197811,0,-0.0638653,0,0
6,131,0.229377,0,0.25,0,0.274696,0,-0.0208385,0,0
6,132,0.301768,0,0.25,0,0.391453,0,0.0504723,0,0
6,133,0.16835,0,0.111111,0,0.233217,0,0.0556608,0,0
6,134,0.173611,0,0.111111,0,0.218143,0,0.0606246,0,0
6,135,0.309343,0,0.25,0,0.372753,0,0.0576493,0,0
6,136,0.313552,0,0.25,0,0.375771,0,0.0616144,0,0
6,137,0.265993,0,0.25,0,0.287853,0,0.0158667,0,0
6,138,0.199495,0,0.25,0,0.187853,0,-0.0518251,0,0
6,139,0.329966,0,0.444444,0,0.323517,0,-0.121578,0,0
6,140,0.286616,0,0.25,0,0.327868,0,0.0359617,0,0
6,141,0.240951,0,0.111111,0,0.304118,0,0.122076,0,0
6,142,0.252946,0,0.111111,0,0.293706,0,0.132637,0,0
6,143,0.421717,0,0.111111,0,0.481624,0,0.27049,0,0
6,144,0.616162,0,0.111111,0,0.713183,0,0.408826,0,0
6,145,0.628998,0,0.111111,0,0.712821,0,0.417319,0,0
6,146,0.623527,0,0.111111,0,0.714711,0,0.413708,0,0
6,147,0.612584,0,0.111111,0,0.706902,0,0.406447,0,0
6,148,0.522517,0,0.111111,0,0.56598,0,0.344586,0,0
6,149,0.381103,0,0.111111,0,0.441621,0,0.23901,0,0
6,150,0.342803,0,0.25,0,0.396452,0,0.088746,0,0
6,151,0.301347,0,0.111111,0,0.366913,0,0.174151,0,0
6,152,0.324285,0,0.25,0,0.359065,0,0.0716549,0,0
6,153,0.333544,0,0.25,0,0.364491,0,0.0802369,0,0
6,154,0.40846,0,0.25,0,0.498537,0,0.147091,0,0
6,155,0.469907,0,0.444444,0,0.443654,0,0.0251442,0,0
6,156,0.506524,0,0.25,0,0.445908,0,0.228349,0,0
6,157,0.395833,0,0.25,0,0.329565,0,0.136132,0,0
6,158,0.418561,0,0.25,0,0.343162,0,0.155773,0,0
6,159,0.310396,0,0.25,0,0.221834,0,0.0586421,0,0
6,160,0.318603,0,0.25,0,0.215281,0,0.0663519,0,0
6,161,0.398148,0,0.25,0,0.319231,0,0.13815,0,0
6,162,0.243266,0,0.25,0,0.206721,0,-0.00675678,0,0
6,163,0.380471,0,0.444444,0,0.31418,0,-0.066111,0,0
6,164,0.37984,0,0.444444,0,0.317262,0,-0.0667857,0,0
6,165,0.589436,0,0.444444,0,0.508897,0,0.135397,0,0
6,166,0.490741,0,0.444444,0,0.358275,0,0.0452566,0,0
6,167,0.416246,0,0.444444,0,0.235379,0,-0.0286039,0,0
6,168,0.613215,0,0.694444,0,0.36418,0,-0.0847183,0,0
6,169,0.642045,0,0.694444,0,0.383359,0,-0.0538217,0,0
6,170,0.638889,0,0.694444,0,0.377804,0,-0.0571584,0,0
6,171,0.648569,0,1,0,0.360528,0,-0.432987,0,0
6,172,0.742845,0,1,0,0.473323,0,-0.297268,0,0
6,173,0.858796,0,1,0,0.620228,0,-0.152224,0,0
6,174,0.833333,0,1,0,0.613274,0,-0.182322,0,0
6,175,0.758207,0,1,0,0.556346,0,-0.276799,0,0
6,176,0.67319,0,1,0,0.494574,0,-0.395727,0,0
6,177,0.614478,0,1,0,0.485962,0,-0.486982,0,0
