"win_length","x","Q1","Q2","Q3","Q4","A_MAXQ1,Q2)","A_NORM(Q3)","MAX_Q1","MAX_Q2","MAX_Q3","MAX_Q4","MAX(All)"
20,0,0.015873000,-0.015873000,0.000000000,0.015873000,0.0158730000,0.000000000,,,,,
20,20,0.015873000,-0.015873000,0.000000000,0.015873000,0.0158730000,0.000000000,,,,,
20,40,0.016031700,-0.015929300,0.000102408,0.016031700,0.0160317000,0.000051204,,,,,
20,60,0.034285700,-0.033154200,0.001131530,0.034285700,0.0342857000,0.000565765,,,,,
20,80,0.047619000,-0.045307200,0.002311830,0.047619000,0.0476190000,0.001155915,,,,,
20,100,0.047619000,-0.045362300,0.002256790,0.047619000,0.0476190000,0.001128395,,,,,
20,120,0.047619000,-0.045460800,0.002158220,0.047619000,0.0476190000,0.001079110,,,,,
20,140,0.047619000,-0.045203500,0.002415520,0.047619000,0.0476190000,0.001207760,,,,,
20,160,0.059761900,-0.055297000,0.004464930,0.059761900,0.0597619000,0.002232465,,,,,
20,180,0.115873000,-0.097514200,0.018358800,0.115873000,0.1158730000,0.009179400,,,,,
20,200,0.105635000,-0.088536100,0.017098900,0.105635000,0.1056350000,0.008549450,,,,,
20,220,0.179979000,-0.131166000,0.048813200,0.206284000,0.1799790000,0.024406600,,,,,
20,240,0.091133400,-0.024390500,0.066742900,0.422475000,0.0911334000,0.033371450,,,,,
20,260,0.125806000,-0.034472800,0.091333600,0.467737000,0.1258060000,0.045666800,,,,,
20,280,0.080840900,-0.028826800,0.052014100,0.307679000,0.0808409000,0.026007050,,,,,
20,300,0.049377900,-0.005902170,0.043475800,0.330830000,0.0493779000,0.021737900,,,,,
20,320,0.040640900,-0.001154010,0.039486900,0.326376000,0.0406409000,0.019743450,,,,,
20,340,0.089216600,-0.001765640,0.087451000,0.202948000,0.0892166000,0.043725500,,,,,
20,360,0.046986700,-0.001044680,0.045942000,0.205663000,0.0469867000,0.022971000,,,,,
20,380,0.104714000,-0.013757900,0.090956000,0.254034000,0.1047140000,0.045478000,,,,,
20,400,0.057226900,0.027742300,0.084969200,0.240720000,0.0572269000,0.042484600,,,,,
20,420,0.085911200,-0.028340900,0.057570300,0.233448000,0.0859112000,0.028785150,,,,,
20,440,0.061658400,-0.017781400,0.043876900,0.238901000,0.0616584000,0.021938450,,,,,
20,460,0.180549000,-0.022621100,0.157928000,0.394667000,0.1805490000,0.078964000,,,,,
20,480,0.133710000,-0.002849910,0.130860000,0.319960000,0.1337100000,0.065430000,,,,,
20,500,0.123279000,-0.058059300,0.065219300,0.300870000,0.1232790000,0.032609650,,,,,
20,520,0.137709000,-0.032601900,0.105108000,0.274437000,0.1377090000,0.052554000,,,,,
20,540,0.054625500,-0.016255300,0.038370100,0.235416000,0.0546255000,0.019185050,,,,,
20,560,0.060463700,-0.016675400,0.043788400,0.224067000,0.0604637000,0.021894200,,,,,
20,580,0.130976000,-0.018424500,0.112552000,0.261583000,0.1309760000,0.056276000,,,,,
20,600,0.055917500,0.006257410,0.062174900,0.257076000,0.0559175000,0.031087450,,,,,
20,620,0.115756000,-0.049700500,0.066055400,0.357557000,0.1157560000,0.033027700,,,,,
20,640,0.054810900,-0.004409670,0.050401200,0.280546000,0.0548109000,0.025200600,,,,,
20,660,-0.002945200,0.040603600,0.037658400,0.239426000,0.0406036000,0.018829200,,,,,
20,680,0.094777000,-0.001711040,0.093065900,0.373196000,0.0947770000,0.046532950,,,,,
20,700,0.087002900,-0.013560200,0.073442600,0.270734000,0.0870029000,0.036721300,,,,,
20,720,0.184468000,0.159120000,0.343588000,0.578953000,0.1844680000,0.171794000,,,,,
20,740,0.017329400,-0.010932200,0.006397230,0.028652900,0.0173294000,0.003198615,,,,,
20,760,0.015873000,-0.015873000,0.000000000,0.015873000,0.0158730000,0.000000000,,,,,
20,780,0.015873000,-0.015873000,0.000000000,0.015873000,0.0158730000,0.000000000,,,,,
20,800,0.015873000,-0.015873000,0.000000000,0.015873000,0.0158730000,0.000000000,,,,,
20,820,0.015873000,-0.015873000,0.000000000,0.015873000,0.0158730000,0.000000000,,,,,
20,840,0.015873000,-0.015873000,0.000000000,0.015873000,0.0158730000,0.000000000,,,,,
20,860,0.015873000,-0.015873000,0.000000000,0.015873000,0.0158730000,0.000000000,,,,,
20,880,0.015873000,-0.015873000,0.000000000,0.015873000,0.0158730000,0.000000000,,,,,
20,900,0.015873000,-0.015873000,0.000000000,0.015873000,0.0158730000,0.000000000,,,,,
20,920,0.015873000,-0.015873000,0.000000000,0.015873000,0.0158730000,0.000000000,,,,,
20,940,0.015873000,-0.015873000,0.000000000,0.015873000,0.0158730000,0.000000000,,,,,
20,960,0.015873000,-0.015873000,0.000000000,0.015873000,0.0158730000,0.000000000,,,,,
20,980,0.015873000,-0.015873000,0.000000000,0.015873000,0.0158730000,0.000000000,,,,,
20,1000,0.015873000,-0.015873000,0.000000000,0.015873000,0.0158730000,0.000000000,,,,,
20,1020,0.015873000,-0.015873000,0.000000000,0.015873000,0.0158730000,0.000000000,,,,,
20,1040,0.015873000,-0.015873000,0.000000000,0.015873000,0.0158730000,0.000000000,,,,,
20,1060,0.015873000,-0.015873000,0.000000000,0.015873000,0.0158730000,0.000000000,,,,,
20,1080,0.015873000,-0.015873000,0.000000000,0.015873000,0.0158730000,0.000000000,,,,,
20,1100,0.015873000,-0.015873000,0.000000000,0.015873000,0.0158730000,0.000000000,,,,,
20,1120,0.015873000,-0.015873000,0.000000000,0.015873000,0.0158730000,0.000000000,,,,,
20,1140,0.015873000,-0.015873000,0.000000000,0.015873000,0.0158730000,0.000000000,,,,,
20,1160,0.015873000,-0.015873000,0.000000000,0.015873000,0.0158730000,0.000000000,,,,,
20,1180,0.015873000,-0.015873000,0.000000000,0.015873000,0.0158730000,0.000000000,,,,,
20,1200,0.015873000,-0.015873000,0.000000000,0.015873000,0.0158730000,0.000000000,,,,,
20,1220,0.015873000,-0.015873000,0.000000000,0.015873000,0.0158730000,0.000000000,,,,,
20,1240,0.015873000,-0.015873000,0.000000000,0.015873000,0.0158730000,0.000000000,,,,,
20,1260,0.015873000,-0.015873000,0.000000000,0.015873000,0.0158730000,0.000000000,,,,,
