win_length,x,dXY,dXY_inv,vX,vX_inv,vY,vY_inv,Q0,Q1,Q2,Q3,Q4,Q5,Q6,Q7,nx,ny,gap_prop,A_dXY,A_dXY_inv,A_vX,A_vX_inv,A_vY,A_vY_inv,A_Q0,A_Q1,A_Q2,A_Q3,A_Q4,A_Q5,A_Q6,A_Q7,A_nx,A_ny,A_rand_idx,A_adj_rand_idx,A_ham_idx
9,0,0.0245946,0,0.0250982,0,0.0254293,0,-0.000503786,-0.000503646,-0.000834756,-0.0013384,0.0245946,0.000331109,0.986979,0,51,30,0,0.0493827,0,3.07604e-07,0,5.91426e-08,0,0.0482017,0.0493824,0.0493827,0.0987651,0.0493827,2.48461e-07,5.20106,0,38,43,0.493827,-0.0118599,0.493827
9,9,0.0063907,0,0.00755265,0,0.00499503,0,-0.00116261,-0.00116195,0.00139567,0.000233724,0.0063907,0.00255762,1.51203,0,51,30,0,0.0216049,0,1.67191e-06,0,0.00469137,0,0.0213732,0.0216032,0.0169136,0.0385168,0.0216049,0.00468969,0.00035638,0,5,76,0.503086,-0.0379656,0.432099
9,18,0.000242072,0,0.000484144,0,0,0,-0.000242084,-0.000242072,0.000242072,2.91038e-11,0.000242072,0.000484144,inf,0,51,30,0,0.00617284,0,0,0,0.0123457,0,0.00615392,0.00617284,-0.00617285,-1.30385e-08,0.00617284,0.0123457,0,0,79,2,0.527778,0.00570438,0.37037
9,27,0,0,0,0,0,0,0,0,0,0,0,0,nan,0,51,30,0,0,0,0,0,0,0,0,0,0,0,0,0,nan,0,47,34,0.493827,-0.01311,0.493827
9,36,0.000411522,0,0,0,0.000823045,0,0.000411426,0.000411522,-0.000411523,-5.82077e-11,0.000411522,0.000823045,0,0,51,30,0,0.00617284,0,0.0123457,0,0,0,-0.00619191,-0.00617285,0.00617284,-1.30385e-08,0.00617284,0.0123457,inf,0,2,79,0.541975,0.0355982,0.345679
9,45,0,0,0,0,0,0,0,0,0,0,0,0,nan,0,51,30,0,0,0,0,0,0,0,0,0,0,0,0,0,nan,0,44,37,0.511111,0.0224904,0.407407
9,54,0,0,0,0,0,0,0,0,0,0,0,0,nan,0,51,30,0,0,0,0,0,0,0,0,0,0,0,0,0,nan,0,37,44,0.503086,0.00644542,0.432099
9,63,0.00397,0,0.00478337,0,0.00170285,0,-0.000813696,-0.00081337,0.00226715,0.00145378,0.00397,0.00308052,2.80904,0,51,30,0,0.0143775,0,0.0493914,0,0.00343804,0,-0.0356416,-0.0350139,0.0109395,-0.0240744,0.0143775,0.0459533,14.3662,0,2,79,0.527778,0.00570438,0.37037
9,72,0,0,0,0,0,0,0,0,0,0,0,0,nan,0,51,30,0,0,0,0,0,0,0,0,0,0,0,0,0,nan,0,45,36,0.493827,-0.0123457,0.493827
9,81,0,0,0,0,0,0,0,0,0,0,0,0,nan,0,51,30,0,0,0,0,0,0,0,0,0,0,0,0,0,nan,0,44,37,0.503086,0.00644542,0.432099
9,90,0,0,0,0,0,0,0,0,0,0,0,0,nan,0,51,30,0,0,0,0,0,0,0,0,0,0,0,0,0,nan,0,39,42,0.495679,-0.00801974,0.469136
9,99,0.000669733,0,0.000484144,0,0.000823045,0,0.000185592,0.000185588,-0.000153312,3.22761e-05,0.000669733,0.000338901,0.588235,0,51,30,0,0.0123457,0,0.0493827,0,0,0,-0.0377404,-0.0370371,0.0123457,-0.0246914,0.0123457,0.0493827,inf,0,2,79,0.527778,0.00570438,0.37037
9,108,0,0,0,0,0,0,0,0,0,0,0,0,nan,0,51,30,0,0,0,0,0,0,0,0,0,0,0,0,0,nan,0,43,38,0.516049,0.0325632,0.395062
9,117,0.00779468,0,0.00824012,0,0.00735067,0,-0.000445465,-0.000445437,0.000444014,-1.42353e-06,0.00779468,0.000889451,1.121,0,51,30,0,0.0123456,0,0.00568652,0,7.59723e-08,0,0.00663708,0.00665911,0.0123456,0.0190047,0.0123456,0.00568644,74850,0,45,36,0.50679,0.0135802,0.419753
9,126,0,0,0,0,0,0,0,0,0,0,0,0,nan,0,51,30,0,0,0,0,0,0,0,0,0,0,0,0,0,nan,0,47,34,0.497531,-0.00569703,0.45679
9,135,0,0,0,0,0,0,0,0,0,0,0,0,nan,0,51,30,0,0,0,0,0,0,0,0,0,0,0,0,0,nan,0,40,41,0.493827,-0.0116518,0.493827
9,144,0.00478499,0,0.000948922,0,0.00797504,0,0.0038287,0.00383607,-0.00319005,0.000646019,0.00478499,0.00702611,0.118987,0,51,30,0,0.017503,0,2.78652e-06,0,0.00299726,0,0.0173489,0.0175002,0.0145057,0.032006,0.017503,0.00299448,0.000929687,0,2,79,0.541975,0.0355982,0.345679
9,153,0,0,0,0,0,0,0,0,0,0,0,0,nan,0,51,30,0,0,0,0,0,0,0,0,0,0,0,0,0,nan,0,43,38,0.495679,-0.00815795,0.469136
9,162,0.125425,0,0.048705,0,0.125897,0,0.0739198,0.0767204,-0.000472009,0.0762484,0.125425,0.0771925,0.386862,0,51,30,0,0.277052,0,8.67324e-07,0,0.0280298,0,0.244554,0.277051,0.249022,0.526074,0.277052,0.0280289,3.09429e-05,0,13,68,0.567901,0.113425,0.308642
9,171,0.0198662,0,0.00948924,0,0.0197531,0,0.0103236,0.010377,0.000113124,0.0104901,0.0198662,0.0102639,0.480392,0,51,30,0,0.0374004,0,1.28761e-07,0,0.0079125,0,0.0367179,0.0374003,0.0294879,0.0668883,0.0374004,0.00791238,1.62731e-05,0,13,68,0.588272,0.155221,0.283951
9,180,0.00242073,0,0.000958605,0,0.00354761,0,0.00146115,0.00146213,-0.00112688,0.000335249,0.00242073,0.002589,0.270212,0,51,30,0,0.0123457,0,-1.78814e-08,0,0.000329218,0,0.0122701,0.0123457,0.0120165,0.0243622,0.0123457,0.000329236,5.43148e-05,0,6,75,0.558642,0.0803858,0.320988
9,189,0.002219,0,0.000484144,0,0.00354761,0,0.00173335,0.00173486,-0.0013286,0.000406253,0.002219,0.00306346,0.136471,0,51,30,0,0.0123457,0,2.34445e-07,0,0,0,0.0122698,0.0123455,0.0123457,0.0246912,0.0123457,2.34445e-07,inf,0,6,75,0.558642,0.0803858,0.320988
9,198,0.002219,0,0.000484144,0,0.00354761,0,0.00173335,0.00173486,-0.0013286,0.000406253,0.002219,0.00306346,0.136471,0,51,30,0,0.0123457,0,0,0,-3.57628e-08,0,0.0122701,0.0123457,0.0123457,0.0246915,0.0123457,3.57628e-08,0,0,75,6,0.558642,0.0803858,0.320988
9,207,0.000411522,0,0,0,0.000823045,0,0.000411426,0.000411522,-0.000411523,-5.82077e-11,0.000411522,0.000823045,0,0,51,30,0,0.00617284,0,0.0123457,0,0,0,-0.00619197,-0.00617288,0.00617284,-4.28408e-08,0.00617284,0.0123457,inf,0,2,79,0.527778,0.00570438,0.37037
9,216,0,0,0,0,0,0,0,0,0,0,0,0,nan,0,51,30,0,0,0,0,0,0,0,0,0,0,0,0,0,nan,0,48,33,0.503086,0.00494438,0.432099
9,225,0,0,0,0,0,0,0,0,0,0,0,0,nan,0,51,30,0,0,0,0,0,0,0,0,0,0,0,0,0,nan,0,43,38,0.497531,-0.00445602,0.45679
9,234,0.000411522,0,0,0,0.000823045,0,0.000411426,0.000411522,-0.000411523,-5.82077e-11,0.000411522,0.000823045,0,0,51,30,0,0.00617284,0,0,0,0.0123457,0,0.00615392,0.00617284,-0.00617285,-1.30385e-08,0.00617284,0.0123457,0,0,79,2,0.541975,0.0355982,0.345679
9,243,0,0,0,0,0,0,0,0,0,0,0,0,nan,0,51,30,0,0,0,0,0,0,0,0,0,0,0,0,0,nan,0,48,33,0.511111,0.0210136,0.407407
9,252,0.0131687,0,0,0,0.0254293,0,0.0130827,0.0131687,-0.0122605,0.000908185,0.0131687,0.0254293,0,0,51,30,0,0.197531,0,1.19209e-07,0,0,0,0.180262,0.197531,0.197531,0.395061,0.197531,1.19209e-07,inf,0,2,79,0.541975,0.0355982,0.345679
9,261,0.00329218,0,0,0,0.00635731,0,0.0032868,0.00329218,-0.00306513,0.000227046,0.00329218,0.00635731,0,0,51,30,0,0.0493827,0,2.98023e-08,0,0,0,0.0482021,0.0493827,0.0493827,0.0987654,0.0493827,2.98023e-08,inf,0,2,79,0.541975,0.0355982,0.345679
9,270,0,0,0,0,0,0,0,0,0,0,0,0,nan,0,51,30,0,0,0,0,0,0,0,0,0,0,0,0,0,nan,0,37,44,0.493827,-0.012068,0.493827
9,279,0,0,0,0,0,0,0,0,0,0,0,0,nan,0,51,30,0,0,0,0,0,0,0,0,0,0,0,0,0,nan,0,35,46,0.503086,0.0058319,0.432099
9,288,0.00123457,0,0,0,0.00229885,0,0.00123377,0.00123457,-0.00106428,0.000170285,0.00123457,0.00229885,0,0,51,30,0,0.0123457,0,0,0,-8.9407e-08,0,0.0122701,0.0123457,0.0123458,0.0246915,0.0123457,8.9407e-08,0,0,78,3,0.55,0.0550875,0.333333
9,297,0.000411522,0,0,0,0.000823045,0,0.000411426,0.000411522,-0.000411523,-5.82077e-11,0.000411522,0.000823045,0,0,51,30,0,0.00617284,0,0,0,0.0123457,0,0.00615392,0.00617284,-0.00617288,-4.28408e-08,0.00617284,0.0123457,0,0,79,2,0.541975,0.0355982,0.345679
9,306,0.00363109,0,0.00693297,0,0,0,-0.00330732,-0.00330187,0.00363109,0.000329219,0.00363109,0.00693297,inf,0,51,30,0,0.0314895,0,0.111123,0,0.0030213,0,-0.0829835,-0.0796336,0.0284682,-0.0511654,0.0314895,0.108102,36.7799,0,2,79,0.516049,-0.0189905,0.395062
9,315,0,0,0,0,0,0,0,0,0,0,0,0,nan,0,51,30,0,0,0,0,0,0,0,0,0,0,0,0,0,nan,0,48,33,0.503086,0.00494438,0.432099
9,324,0.00425243,0,0.00397,0,0.0047396,0,0.000282367,0.000282423,-0.000487178,-0.000204755,0.00425243,0.0007696,0.837623,0,51,30,0,0.0123457,0,0.00037987,0,1.20948e-07,0,0.0118947,0.0119659,0.0123456,0.0243115,0.0123457,0.000379749,3140.78,0,65,16,0.50679,-0.00643807,0.419753
9,333,0.000645525,0,0.000484144,0,0.000823045,0,0.000161396,0.000161381,-0.00017752,-1.61382e-05,0.000645525,0.000338901,0.588235,0,51,30,0,0.0123457,0,0.0123457,0,0,0,0,-1.30385e-08,0.0123457,0.0123457,0.0123457,0.0123457,inf,0,2,79,0.527778,0.00570438,0.37037
9,342,0.00286453,0,0.00222707,0,0.00354761,0,0.000637209,0.000637465,-0.000683073,-4.56085e-05,0.00286453,0.00132054,0.627766,0,51,30,0,0.0123457,0,-9.59431e-11,0,5.59621e-08,0,0.0122701,0.0123457,0.0123457,0.0246914,0.0123457,5.60581e-08,0.00171443,0,71,10,0.527778,0.0251327,0.37037
9,351,0.00229969,0,0.002382,0,0.00229885,0,-8.23174e-05,-8.23031e-05,8.4308e-07,-8.146e-05,0.00229969,8.31462e-05,1.03617,0,51,30,0,0.0132835,0,0.049382,0,0.00175508,0,-0.0367662,-0.0360986,0.0115284,-0.0245702,0.0132835,0.0476269,28.1366,0,2,79,0.516049,-0.0189905,0.395062
9,360,0.000242072,0,0.000484144,0,0,0,-0.000242084,-0.000242072,0.000242072,2.91038e-11,0.000242072,0.000484144,inf,0,51,30,0,0.00617284,0,0,0,0.0123457,0,0.00615392,0.00617284,-0.00617288,-4.28408e-08,0.00617284,0.0123457,0,0,79,2,0.527778,0.00570438,0.37037
9,369,0,0,0,0,0,0,0,0,0,0,0,0,nan,0,51,30,0,0,0,0,0,0,0,0,0,0,0,0,0,nan,0,45,36,0.5,0,0.444444
9,378,0,0,0,0,0,0,0,0,0,0,0,0,nan,0,51,30,0,0,0,0,0,0,0,0,0,0,0,0,0,nan,0,47,34,0.5,-0.000755028,0.444444
9,387,0,0,0,0,0,0,0,0,0,0,0,0,nan,0,51,30,0,0,0,0,0,0,0,0,0,0,0,0,0,nan,0,55,26,0.50679,0.0071108,0.419753
9,396,0.000242072,0,0.000484144,0,0,0,-0.000242084,-0.000242072,0.000242072,2.91038e-11,0.000242072,0.000484144,inf,0,51,30,0,0.00617284,0,0,0,0.0123457,0,0.00615392,0.00617284,-0.00617285,-1.30385e-08,0.00617284,0.0123457,0,0,79,2,0.527778,0.00570438,0.37037
9,405,0.000927943,0,0.000948922,0,0.000823045,0,-2.09811e-05,-2.09796e-05,0.000104898,8.39182e-05,0.000927943,0.000125877,1.15294,0,51,30,0,0.0128145,0,0.000312549,0,-4.47035e-08,0,0.0124245,0.0125019,0.0128145,0.0253165,0.0128145,0.000312593,6991.6,0,79,2,0.516049,-0.0189905,0.395062
9,414,0.00334867,0,0.00245945,0,0.00354761,0,0.000888906,0.000889218,-0.000198935,0.000690283,0.00334867,0.00108815,0.693271,0,51,30,0,0.0324271,0,0.0014826,0,0.111114,0,0.0304753,0.0309445,-0.0786868,-0.0477423,0.0324271,0.109631,0.0133431,0,79,2,0.516049,-0.0189905,0.395062
9,423,0.0416688,0,0.0127136,0,0.0599972,0,0.0285438,0.0289551,-0.0183284,0.0106267,0.0416688,0.0472835,0.211904,0,51,30,0,0.20033,0,2.54313e-07,0,0.00573462,0,0.182596,0.20033,0.194595,0.394925,0.20033,0.00573436,4.4347e-05,0,6,75,0.558642,0.0803858,0.320988
9,432,0.0166789,0,0.00383442,0,0.0233007,0,0.0127627,0.0128444,-0.00662185,0.00622259,0.0166789,0.0194663,0.164562,0,51,30,0,0.0508078,0,-6.95387e-08,0,0.0095419,0,0.0495593,0.0508079,0.0412659,0.0920737,0.0508078,0.00954197,7.28772e-06,0,3,78,0.55,0.0550875,0.333333
9,441,0.00307433,0,0.000484144,0,0.00581808,0,0.00258683,0.00259019,-0.00274375,-0.000153565,0.00307433,0.00533394,0.0832137,0,51,30,0,0.0151588,0,0.0493821,0,0.00175508,0,-0.0348227,-0.0342233,0.0134037,-0.0208196,0.0151588,0.047627,28.1366,0,2,79,0.541975,0.0355982,0.345679
9,450,0.00656014,0,0.0080755,0,0.00456932,0,-0.00151654,-0.00151535,0.00199083,0.000475472,0.00656014,0.00350618,1.76733,0,51,30,0,0.038131,0,0.00528929,0,3.03388e-05,0,0.0323139,0.0328417,0.0381007,0.0709424,0.038131,0.00525895,174.341,0,79,2,0.516049,-0.0189905,0.395062
9,459,0.00442187,0,0.00182038,0,0.00675466,0,0.00259813,0.00260149,-0.00233279,0.000268702,0.00442187,0.00493427,0.2695,0,51,30,0,0.0157571,0,6.78003e-08,0,0.00211826,0,0.0156341,0.015757,0.0136388,0.0293958,0.0157571,0.00211819,3.20075e-05,0,5,76,0.567901,0.0974212,0.308642
9,468,0.00205762,0,0,0,0.00422875,0,0.00205556,0.00205762,-0.00217113,-0.00011351,0.00205762,0.00422875,0,0,51,30,0,0.0137522,0,-2.6077e-07,0,0.000913604,0,0.0136588,0.0137525,0.0128386,0.026591,0.0137522,0.000913865,0.00028543,0,2,79,0.541975,0.0355982,0.345679
9,477,0.000411522,0,0,0,0.000823045,0,0.000411426,0.000411522,-0.000411523,-5.82077e-11,0.000411522,0.000823045,0,0,51,30,0,0.00617284,0,0,0,0.0123457,0,0.00615392,0.00617284,-0.00617285,-1.30385e-08,0.00617284,0.0123457,0,0,79,2,0.541975,0.0355982,0.345679
9,486,0.00796415,0,0.00837569,0,0.00797504,0,-0.000411655,-0.000411537,-1.0889e-05,-0.000422426,0.00796415,0.000400648,1.05024,0,51,30,0,0.0303892,0,0.006401,0,2.84115e-06,0,0.0237049,0.0239882,0.0303864,0.0543746,0.0303892,0.00639816,2252.96,0,78,3,0.521605,-0.00453662,0.382716
9,495,0.00217866,0,0.00139433,0,0.00295161,0,0.000783971,0.000784322,-0.000772953,1.13689e-05,0.00217866,0.00155727,0.472398,0,51,30,0,0.0123457,0,1.33401e-07,0,0,0,0.01227,0.0123456,0.0123457,0.0246913,0.0123457,1.33401e-07,inf,0,7,74,0.534568,0.0325754,0.358025
9,504,0.00154119,0,0.00222707,0,0.000823045,0,-0.000686166,-0.000685875,0.000718149,3.22742e-05,0.00154119,0.00140402,2.70589,0,51,30,0,0.0123457,0,0,0,-3.57628e-08,0,0.0122701,0.0123457,0.0123457,0.0246915,0.0123457,3.57628e-08,0,0,75,6,0.50679,-0.0276527,0.419753
9,513,0.00154119,0,0.00222707,0,0.000823045,0,-0.000686166,-0.000685875,0.000718149,3.22742e-05,0.00154119,0.00140402,2.70589,0,51,30,0,0.0123457,0,0,0,-3.57628e-08,0,0.0122701,0.0123457,0.0123457,0.0246914,0.0123457,3.57628e-08,0,0,75,6,0.50679,-0.0276527,0.419753
9,522,0.0103526,0,0.00834665,0,0.00851428,0,0.00200393,0.00200592,0.00183829,0.0038442,0.0103526,0.000167631,0.980312,0,51,30,0,0.0266666,0,6.35783e-07,0,0.00655321,0,0.0263167,0.026666,0.0201134,0.0467794,0.0266666,0.00655257,9.70186e-05,0,6,75,0.50679,-0.0276527,0.419753
9,531,0.0249818,0,0.0171388,0,0.0228182,0,0.00781242,0.00784305,0.00216361,0.0100067,0.0249818,0.00567944,0.751101,0,51,30,0,0.0444912,0,0.00288498,0,-5.20358e-09,0,0.0407639,0.0416062,0.0444912,0.0860974,0.0444912,0.00288498,554421,0,53,28,0.577778,0.151599,0.296296
9,540,0.136116,0,0.0365239,0,0.154506,0,0.0949396,0.0995924,-0.0183894,0.081203,0.136116,0.117982,0.236392,0,51,30,0,0.302561,0,8.2857e-08,0,0.0172928,0,0.264332,0.302561,0.285268,0.587829,0.302561,0.0172927,4.79143e-06,0,14,67,0.623457,0.228878,0.246914
9,549,0.101275,0,0.0908449,0,0.0977437,0,0.0103758,0.0104298,0.00353103,0.0139609,0.101275,0.0068988,0.92942,0,51,30,0.279835,0.259623,0,-7.51936e-07,0,0.0367823,0,0.230813,0.259623,0.22284,0.482464,0.259623,0.036783,2.04429e-05,0,13,68,0.511111,-0.00309598,0.407407
9,558,0.00467199,0,0.00851126,0,0.000823045,0,-0.00384658,-0.00383927,0.00384895,9.68314e-06,0.00467199,0.00768822,10.3412,0,51,30,0,0.0832163,0,0.197531,0,0.00162686,0,-0.121394,-0.114315,0.0815895,-0.0327253,0.0832163,0.195904,121.419,0,2,79,0.516049,-0.0189905,0.395062
9,567,0.0126604,0,0.0179037,0,0.00806018,0,-0.0052571,-0.00524324,0.00460025,-0.000642991,0.0126604,0.00984348,2.22125,0,51,30,0,0.225974,0,0.444485,0,0.00310145,0,-0.246554,-0.218511,0.222873,0.00436171,0.225974,0.441384,143.315,0,2,79,0.527778,0.00570438,0.37037
9,576,0.00852094,0,0.0109416,0,0.00613028,0,-0.0024236,-0.0024207,0.00239066,-3.00347e-05,0.00852094,0.00481136,1.78485,0,51,30,0,0.091811,0,0.111115,0,0.00488058,0,-0.0194925,-0.0193037,0.0869304,0.0676267,0.091811,0.106234,22.7667,0,2,79,0.527778,0.00570438,0.37037
9,585,0.000669733,0,0.000484144,0,0.000823045,0,0.000185592,0.000185588,-0.000153312,3.22761e-05,0.000669733,0.000338901,0.588235,0,51,30,0,0.0123457,0,0.0493827,0,0,0,-0.0377404,-0.0370371,0.0123457,-0.0246914,0.0123457,0.0493827,inf,0,2,79,0.527778,0.00570438,0.37037
9,594,0,0,0,0,0,0,0,0,0,0,0,0,nan,0,51,30,0,0,0,0,0,0,0,0,0,0,0,0,0,nan,0,34,47,0.503086,0.00542247,0.432099
9,603,0.0025337,0,0.00222707,0,0.00295161,0,0.000306559,0.00030663,-0.000417911,-0.00011128,0.0025337,0.000724541,0.754527,0,51,30,0,0.0123457,0,1.37422e-07,0,6.99585e-10,0,0.01227,0.0123456,0.0123457,0.0246913,0.0123457,1.36722e-07,196.433,0,9,72,0.521605,0.0102171,0.382716
9,612,0,0,0,0,0,0,0,0,0,0,0,0,nan,0,51,30,0,0,0,0,0,0,0,0,0,0,0,0,0,nan,0,36,45,0.5,0,0.444444
9,621,0.00806903,0,0.00542245,0,0.0066979,0,0.00264307,0.00264658,0.00137113,0.00401771,0.00806903,0.00127545,0.809574,0,51,30,0,0.019925,0,0.00617083,0,0.0123506,0,0.0136604,0.0137541,0.00757432,0.0213285,0.019925,0.00617981,0.499637,0,79,2,0.541975,0.0355982,0.345679
9,630,0.016582,0,0.0238781,0,0.0040017,0,-0.00732283,-0.00729609,0.0125803,0.00528422,0.016582,0.0198764,5.96699,0,51,30,0,0.0946256,0,0.0137281,0,0.308661,0,0.0777917,0.0808975,-0.214035,-0.133138,0.0946256,0.294933,0.0444764,0,79,2,0.516049,-0.0189905,0.395062
9,639,0.000242072,0,0.000484144,0,0,0,-0.000242084,-0.000242072,0.000242072,2.91038e-11,0.000242072,0.000484144,inf,0,51,30,0,0.00617284,0,0,0,0.0123457,0,0.00615392,0.00617284,-0.00617288,-4.28408e-08,0.00617284,0.0123457,0,0,79,2,0.527778,0.00570438,0.37037
9,648,0.00624547,0,0.00763981,0,0.00456932,0,-0.0013953,-0.00139435,0.00167615,0.000281805,0.00624547,0.0030705,1.67198,0,51,30,0,0.0289108,0,0.0494182,0,0.0054095,0,-0.0207207,-0.0205074,0.0235013,0.00299381,0.0289108,0.0440087,9.13545,0,2,79,0.527778,0.00570438,0.37037
9,657,0.00614056,0,0.00797871,0,0.00456932,0,-0.00183978,-0.00183814,0.00157125,-0.000266898,0.00614056,0.00340939,1.74615,0,51,30,0,0.0377403,0,0.00502482,0,0.111128,0,0.0321917,0.0327155,-0.0733875,-0.0406721,0.0377403,0.106103,0.0452166,0,79,2,0.527778,0.00570438,0.37037
9,666,0.00532562,0,0.00464781,0,0.00567618,0,0.000677475,0.000677807,-0.000350566,0.000327241,0.00532562,0.00102837,0.818827,0,51,30,0,0.0153152,0,0.0493945,0,0.00456803,0,-0.0346736,-0.0340793,0.0107472,-0.0233321,0.0153152,0.0448265,10.8131,0,2,79,0.516049,-0.0189905,0.395062
9,675,0.0102639,0,0.0148438,0,0.00408684,0,-0.00459042,-0.00457997,0.00617702,0.00159705,0.0102639,0.010757,3.6321,0,51,30,0,0.112206,0,0.308647,0,0.00596248,0,-0.218704,-0.196441,0.106244,-0.0901972,0.112206,0.302684,51.7648,0,2,79,0.516049,-0.0189905,0.395062
9,684,0.0356087,0,0.0435342,0,0.0286363,0,-0.00795708,-0.00792548,0.00697243,-0.000953047,0.0356087,0.0148979,1.52025,0,51,30,0,0.195811,0,0.197458,0,0.029636,0,-0.00164823,-0.00164686,0.166175,0.164528,0.195811,0.167822,6.66276,0,2,79,0.527778,0.00570438,0.37037
9,693,0.00614058,0,0.00598405,0,0.00593161,0,0.00015651,0.000156528,0.00020897,0.000365498,0.00614058,5.24418e-05,1.00884,0,51,30,0,0.0231288,0,0.0494191,0,0.00516106,0,-0.0266421,-0.0262903,0.0179677,-0.0083226,0.0231288,0.044258,9.57537,0,2,79,0.516049,-0.0189905,0.395062
9,702,0.0455821,0,0.0346938,0,0.0385979,0,0.0108295,0.0108883,0.00698419,0.0178725,0.0455821,0.00390416,0.898851,0,51,30,0,0.315127,0,0.604928,0,0.0260858,0,-0.34221,-0.289801,0.289041,-0.000760386,0.315127,0.578842,23.1899,0,2,79,0.527778,0.00570438,0.37037
9,711,0.343971,0,0.289123,0,0.340002,0,0.0533973,0.0548487,0.0039691,0.0588178,0.343971,0.0508796,0.850355,0,51,30,0.0288066,0.717982,0,0.111102,0,0.236072,0,0.474295,0.606881,0.481911,1.08879,0.717982,0.12497,0.470626,0,8,73,0.495679,-0.0457972,0.469136
9,720,0.322662,0,0.128618,0,0.337561,0,0.177346,0.194044,-0.0148996,0.179145,0.322662,0.208944,0.38102,0,51,30,0.0617284,0.523629,0,0.204996,0,-2.74181e-05,0,0.276596,0.318633,0.523657,0.84229,0.523629,0.205023,7476.65,0,75,6,0.558642,0.0803858,0.320988
9,729,0.314745,0,0.317127,0,0.304725,0,-0.002385,-0.00238213,0.01002,0.00763786,0.314745,0.0124021,1.0407,0,51,30,0.329218,0.657788,0,0.0317258,0,0.250667,0,0.486161,0.626062,0.407121,1.03318,0.657788,0.218941,0.126566,0,7,74,0.497531,-0.044408,0.45679
9,738,0.304037,0,0.134534,0,0.313806,0,0.156579,0.169503,-0.00976923,0.159734,0.304037,0.179273,0.428716,0,51,30,0.0617284,0.635449,0,0.222192,0,0.196911,0,0.345897,0.413257,0.438539,0.851795,0.635449,0.0252817,1.12839,0,4,77,0.541975,0.0407929,0.345679
9,747,0.131363,0,0.0417623,0,0.152774,0,0.0858117,0.0896012,-0.0214109,0.0681903,0.131363,0.111012,0.273359,0,51,30,0,0.292084,0,0.0312041,0,0.0198446,0,0.23181,0.26088,0.272239,0.533119,0.292084,0.0113595,1.57242,0,14,67,0.599383,0.179577,0.271605
9,756,0.0448073,0,0.0236069,0,0.0414361,0,0.0209788,0.0212004,0.00337121,0.0245716,0.0448073,0.0178292,0.569718,0,51,30,0,0.0900014,0,0.00247106,0,0.0211938,0,0.0839094,0.0875304,0.0688076,0.156338,0.0900014,0.0187228,0.116593,0,10,71,0.558642,0.0888496,0.320988
9,765,0.0220206,0,0.0223289,0,0.0215127,0,-0.000308382,-0.000308288,0.000507906,0.000199618,0.0220206,0.000816194,1.03794,0,51,30,0,0.0442743,0,1.08608e-07,0,0.00753594,0,0.0433221,0.0442742,0.0367384,0.0810126,0.0442743,0.00753584,1.4412e-05,0,23,58,0.503086,-0.00367112,0.432099
9,774,0.000242072,0,0.000484144,0,0,0,-0.000242084,-0.000242072,0.000242072,2.91038e-11,0.000242072,0.000484144,inf,0,51,30,0,0.00617284,0,0.0123457,0,0,0,-0.00619191,-0.00617285,0.00617284,-1.30385e-08,0.00617284,0.0123457,inf,0,2,79,0.527778,0.00570438,0.37037
9,783,0.00902926,0,0.00551928,0,0.0130836,0,0.00350385,0.00350998,-0.00405435,-0.000544369,0.00902926,0.00756434,0.421846,0,51,30,0,0.0246914,0,1.87457e-06,0,0.00556112,0,0.0243896,0.0246895,0.0191302,0.0438197,0.0246914,0.00555925,0.000337084,0,6,75,0.558642,0.0803858,0.320988
9,792,0.0286128,0,0.0195788,0,0.0248617,0,0.00899347,0.00903403,0.00375116,0.0127852,0.0286128,0.00528287,0.78751,0,51,30,0,0.135482,0,4.76837e-07,0,0.012928,0,0.127057,0.135482,0.122555,0.258037,0.135482,0.0129275,3.68841e-05,0,4,77,0.527778,0.01106,0.37037
9,801,0.0529251,0,0.0575745,0,0.0321838,0,-0.00466024,-0.00464936,0.0207413,0.0160919,0.0529251,0.0253907,1.78893,0,51,30,0.00137174,0.104939,0,-5.09908e-07,0,0.0046762,0,0.0997902,0.104939,0.100262,0.205202,0.104939,0.00467671,0.000109043,0,31,50,0.527778,0.0532829,0.37037
9,810,0.00622933,0,0.00629392,0,0.00499503,0,-6.46135e-05,-6.45886e-05,0.00123429,0.0011697,0.00622933,0.00129888,1.26003,0,51,30,0,0.0123457,0,3.28074e-09,0,9.16913e-08,0,0.0122701,0.0123457,0.0123456,0.0246913,0.0123457,8.84105e-08,0.0357802,0,47,34,0.511111,0.021484,0.407407
9,819,0.000823045,0,0,0,0.00170285,0,0.000822682,0.000823045,-0.000879807,-5.67618e-05,0.000823045,0.00170285,0,0,51,30,0,0.0123457,0,0.0493827,0,0,0,-0.0377404,-0.0370371,0.0123457,-0.0246914,0.0123457,0.0493827,inf,0,2,79,0.541975,0.0355982,0.345679
9,828,0.0206489,0,0.00557734,0,0.0239819,0,0.0149591,0.0150716,-0.00333297,0.0117386,0.0206489,0.0184045,0.232565,0,51,30,0,0.0488218,0,5.67663e-07,0,0.000374114,0,0.0476669,0.0488212,0.0484477,0.0972689,0.0488218,0.000373546,0.00151736,0,15,66,0.611111,0.205047,0.259259
9,837,0.00573711,0,0.0043573,0,0.00740741,0,0.00137878,0.00137981,-0.0016703,-0.000290491,0.00573711,0.00305011,0.588235,0,51,30,0,0.111111,0,1.49012e-08,0,0,0,0.105361,0.111111,0.111111,0.222222,0.111111,1.49012e-08,inf,0,2,79,0.527778,0.00570438,0.37037
9,846,0.00154926,0,0.0014718,0,0.00170285,0,7.7483e-05,7.7465e-05,-0.000153589,-7.61237e-05,0.00154926,0.000231054,0.864314,0,51,30,0,0.0137522,0,-2.6077e-07,0,0.000913604,0,0.0136588,0.0137525,0.0128386,0.0265911,0.0137522,0.000913865,0.00028543,0,2,79,0.527778,0.00570438,0.37037
9,855,0.0304122,0,0.0261826,0,0.030623,0,0.00422063,0.00422957,-0.000210768,0.0040188,0.0304122,0.00444033,0.855,0,51,30,0,0.0756361,0,3.36468e-05,0,0.0263824,0,0.072881,0.0756025,0.0492538,0.124856,0.0756361,0.0263487,0.00127535,0,2,79,0.541975,0.0355982,0.345679
9,864,0.00182361,0,0.000484144,0,0.00295161,0,0.00133866,0.00133947,-0.001128,0.000211475,0.00182361,0.00246747,0.164027,0,51,30,0,0.0123457,0,0,0,-4.09782e-08,0,0.0122701,0.0123457,0.0123457,0.0246914,0.0123457,4.09782e-08,0,0,76,5,0.55,0.0600287,0.333333
9,873,0.0239168,0,0.0250982,0,0.0182773,0,-0.00118218,-0.00118143,0.0056395,0.00445808,0.0239168,0.00682093,1.37319,0,51,30,0,0.0493828,0,-2.1409e-09,0,3.26608e-07,0,0.0482022,0.0493828,0.0493825,0.0987652,0.0493828,3.28749e-07,0.00655496,0,50,31,0.50679,0.0112066,0.419753
9,882,0.0948848,0,0.0873306,0,0.0594012,0,0.00752578,0.00755423,0.0354836,0.0430379,0.0948848,0.0279294,1.47018,0,51,30,0,0.159868,0,0.00176049,0,0.0340003,0,0.146787,0.158107,0.125868,0.283975,0.159868,0.0322398,0.0517786,0,27,54,0.516049,0.0266915,0.395062
9,891,0.000411522,0,0,0,0.000823045,0,0.000411426,0.000411522,-0.000411523,-5.82077e-11,0.000411522,0.000823045,0,0,51,30,0,0.00617284,0,0.0123457,0,0,0,-0.00619191,-0.00617285,0.00617284,-1.30385e-08,0.00617284,0.0123457,inf,0,2,79,0.527778,0.00570438,0.37037
9,900,0.0430404,0,0.0358654,0,0.0521073,0,0.00714935,0.00717501,-0.00906684,-0.00189183,0.0430404,0.0162419,0.6883,0,51,30,0,0.192559,0,0.00370467,0,-3.63919e-06,0,0.17299,0.188854,0.192562,0.381416,0.192559,0.00370831,1017.99,0,72,9,0.521605,0.0102171,0.382716
9,909,0.0100944,0,0.00914065,0,0.0114943,0,0.000953339,0.000953729,-0.0013999,-0.000446167,0.0100944,0.00235363,0.795235,0,51,30,0,0.0370371,0,1.39674e-06,0,0.00556113,0,0.0363664,0.0370357,0.031476,0.0685118,0.0370371,0.00555973,0.000251161,0,6,75,0.527778,0.0160772,0.37037
9,918,0.0100863,0,0.0117356,0,0.00840076,0,-0.00165068,-0.00164933,0.00168552,3.61875e-05,0.0100863,0.00333485,1.39697,0,51,30,0,0.0359292,0,4.72864e-06,0,0.0085388,0,0.0352942,0.0359245,0.0273904,0.0633149,0.0359292,0.00853407,0.000553782,0,3,78,0.521605,-0.00453662,0.382716
9,927,0.00645526,0,0.0014718,0,0.0118065,0,0.00497117,0.00498346,-0.00535121,-0.000367745,0.00645526,0.0103347,0.12466,0,51,30,0,0.031177,0,0.00387882,0,0.0123508,0,0.0269323,0.0272982,0.0188262,0.0461244,0.031177,0.00847197,0.314054,0,79,2,0.541975,0.0355982,0.345679
9,936,0.0671592,0,0.0411522,0,0.0785298,0,0.0256747,0.0260071,-0.0113706,0.0146365,0.0671592,0.0373777,0.524032,0,51,30,0,0.154159,0,0.0458956,0,-1.80528e-06,0,0.102795,0.108264,0.154161,0.262425,0.154159,0.0458974,25423,0,76,5,0.55,0.0600287,0.333333
9,945,0.00509969,0,0.00542245,0,0.00499503,0,-0.000322871,-0.000322763,0.000104652,-0.000218111,0.00509969,0.000427416,1.08557,0,51,30,0,0.0123457,0,6.27417e-09,0,1.31627e-07,0,0.0122701,0.0123457,0.0123456,0.0246913,0.0123457,1.25353e-07,0.0476663,0,57,24,0.495679,-0.0174346,0.469136
9,954,0.00145243,0,0.00261439,0,0,0,-0.00116261,-0.00116195,0.00145243,0.000290479,0.00145243,0.00261439,inf,0,51,30,0,0.0123457,0,-4.29583e-11,0,-3.57628e-08,0,0.0122701,0.0123457,0.0123457,0.0246914,0.0123457,3.57198e-08,0.0012012,0,75,6,0.5,-0.0418006,0.444444
9,963,0.000242072,0,0.000484144,0,0,0,-0.000242084,-0.000242072,0.000242072,2.91038e-11,0.000242072,0.000484144,inf,0,51,30,0,0.00617284,0,0.0123457,0,0,0,-0.00619197,-0.00617288,0.00617284,-4.28408e-08,0.00617284,0.0123457,inf,0,2,79,0.527778,0.00570438,0.37037
9,972,0.000411522,0,0,0,0.000823045,0,0.000411426,0.000411522,-0.000411523,-5.82077e-11,0.000411522,0.000823045,0,0,51,30,0,0.00617284,0,0.0123457,0,0,0,-0.00619197,-0.00617288,0.00617284,-4.28408e-08,0.00617284,0.0123457,inf,0,2,79,0.527778,0.00570438,0.37037
9,981,0.00580975,0,0.00575167,0,0.00613028,0,5.80532e-05,5.80777e-05,-0.000320531,-0.000262453,0.00580975,0.000378609,0.93824,0,51,30,0,0.0123457,0,1.21059e-07,0,7.66679e-09,0,0.01227,0.0123456,0.0123457,0.0246913,0.0123457,1.13392e-07,15.7901,0,30,51,0.5,-0.00309598,0.444444
9,990,0.00195272,0,0.000484144,0,0.00329218,0,0.00146758,0.00146857,-0.00133946,0.000129115,0.00195272,0.00280804,0.147059,0,51,30,0,0.0137522,0,0.0493828,0,0.000913604,0,-0.0362808,-0.0356306,0.0128386,-0.022792,0.0137522,0.0484692,54.0527,0,2,79,0.527778,0.00570438,0.37037
9,999,0,0,0,0,0,0,0,0,0,0,0,0,nan,0,51,30,0,0,0,0,0,0,0,0,0,0,0,0,0,nan,0,42,39,0.503086,0.00678593,0.432099
9,1008,0.000242072,0,0.000484144,0,0,0,-0.000242084,-0.000242072,0.000242072,2.91038e-11,0.000242072,0.000484144,inf,0,51,30,0,0.00617284,0,0,0,0.0123457,0,0.00615392,0.00617284,-0.00617288,-4.28408e-08,0.00617284,0.0123457,0,0,79,2,0.527778,0.00570438,0.37037
9,1017,0.00104898,0,0.000484144,0,0.00158933,0,0.000564654,0.000564835,-0.000540349,2.44853e-05,0.00104898,0.00110518,0.304622,0,51,30,0,0.0123457,0,0.000312549,0,-1.41561e-07,0,0.0119613,0.0120331,0.0123458,0.024379,0.0123457,0.00031269,2207.87,0,79,2,0.541975,0.0355982,0.345679
9,1026,0.00187203,0,0.00222707,0,0.00158933,0,-0.000355068,-0.00035504,0.000282701,-7.2339e-05,0.00187203,0.00063774,1.40126,0,51,30,0,0.0123457,0,-1.27724e-08,0,-4.41352e-11,0,0.0122701,0.0123457,0.0123457,0.0246914,0.0123457,1.27283e-08,289.393,0,7,74,0.511111,-0.0161808,0.407407
9,1035,0.0819018,0,0.0893544,0,0.0717467,0,-0.00748052,-0.00745255,0.0101551,0.00270253,0.0819018,0.0176076,1.24541,0,51,30,0,0.150355,0,0.0237616,0,0.00470722,0,0.119199,0.126594,0.145648,0.272242,0.150355,0.0190544,5.04791,0,43,38,0.495679,-0.00815795,0.469136
9,1044,0.119341,0,0.132462,0,0.109068,0,-0.0132077,-0.0131209,0.0102734,-0.00284741,0.119341,0.0233943,1.21449,0,51,30,0,0.25736,0,0.0189927,0,0.0745999,0,0.213794,0.238367,0.18276,0.421127,0.25736,0.0556072,0.254594,0,13,68,0.497531,-0.0309598,0.45679
9,1053,0.229098,0,0.256181,0,0.185327,0,-0.027456,-0.0270825,0.0437712,0.0166887,0.229098,0.0708537,1.38232,0,51,30,0.00823045,0.55385,0,0.604906,0,0.217349,0,-0.0524055,-0.0510559,0.336501,0.285445,0.55385,0.387557,2.78311,0,2,79,0.527778,0.00570438,0.37037
9,1062,0.201792,0,0.186095,0,0.21561,0,0.0155758,0.0156976,-0.0138174,0.0018802,0.201792,0.029515,0.863109,0,51,30,0.00823045,0.619955,0,1.00008,0,0.175544,0,-0.478236,-0.380124,0.444411,0.0642863,0.619955,0.824535,5.69703,0,2,79,0.527778,0.00570438,0.37037
9,1071,0.476164,0,0.377983,0,0.497999,0,0.0936558,0.0981817,-0.0218344,0.0763473,0.476164,0.120016,0.759003,0,51,30,0.539095,0.818245,0,0.0915968,0,0.141117,0,0.546182,0.726649,0.677128,1.40378,0.818245,0.0495202,0.649084,0,27,54,0.503086,0.000620732,0.432099
9,1080,0.463933,0,0.493113,0,0.451312,0,-0.0296143,-0.0291801,0.0126205,-0.0165595,0.463933,0.0418006,1.09262,0,51,30,0.465021,0.822243,0,0.226175,0,0.0352431,0,0.467543,0.596068,0.787,1.38307,0.822243,0.190932,6.41756,0,54,27,0.503086,0.000620732,0.432099
9,1089,0.496981,0,0.51631,0,0.491528,0,-0.0195186,-0.0193292,0.00545296,-0.0138763,0.496981,0.0247822,1.05042,0,51,30,0.37037,1,0,4.99857e-07,0,0.0803876,0,0.693147,0.999999,0.919612,1.91961,1,0.0803871,6.21808e-06,0,30,51,0.493827,-0.0154799,0.493827
9,1098,0.345845,0,0.285027,0,0.390009,0,0.0590396,0.0608172,-0.0441644,0.0166528,0.345845,0.104982,0.730823,0,51,30,0.127572,0.593432,0,4.05123e-05,0,0.286544,0,0.465865,0.593391,0.306888,0.900279,0.593432,0.286504,0.000141382,0,6,75,0.577778,0.120257,0.296296
9,1107,0.19369,0,0.183761,0,0.203917,0,0.00988033,0.0099293,-0.0102265,-0.000297219,0.19369,0.0201558,0.901157,0,51,30,0.0205761,0.868278,0,0.111212,0,0.156459,0,0.563645,0.757065,0.711819,1.46888,0.868278,0.0452464,0.71081,0,2,79,0.527778,0.00570438,0.37037
9,1116,0.156943,0,0.129024,0,0.1532,0,0.027536,0.0279185,0.00374292,0.0316614,0.156943,0.0241756,0.842196,0,51,30,0.00411523,0.526492,0,0.197441,0,0.125897,0,0.284465,0.329051,0.400595,0.729645,0.526492,0.0715443,1.56828,0,2,79,0.541975,0.0355982,0.345679
9,1125,0.264974,0,0.186589,0,0.322151,0,0.0754648,0.0783852,-0.0571765,0.0212087,0.264974,0.135562,0.579198,0,51,30,0.0205761,0.836482,0,0.110866,0,0.211351,0,0.545584,0.725616,0.625131,1.35075,0.836482,0.100485,0.524558,0,2,79,0.527778,0.00570438,0.37037
9,1134,0.270648,0,0.25743,0,0.288548,0,0.0131305,0.0132172,-0.0179002,-0.00468305,0.270648,0.0311174,0.892159,0,51,30,0.0123457,0.654195,0,0.308339,0,0.248023,0,0.297031,0.345856,0.406172,0.752029,0.654195,0.0603159,1.24319,0,2,79,0.527778,0.00570438,0.37037
9,1143,0.127531,0,0.119932,0,0.134299,0,0.00757027,0.00759903,-0.00676711,0.000831917,0.127531,0.0143661,0.893028,0,51,30,0,0.289106,0,0.111526,0,0.117062,0,0.163461,0.17758,0.172044,0.349624,0.289106,0.00553601,0.952709,0,2,79,0.541975,0.0355982,0.345679
9,1152,0.088849,0,0.089664,0,0.0823896,0,-0.000815426,-0.000815056,0.00645936,0.0056443,0.088849,0.00727441,1.08829,0,51,30,0,0.175968,0,0.111172,0,0.0837992,0,0.0627837,0.0647964,0.0921688,0.156965,0.175968,0.0273724,1.32664,0,2,79,0.541975,0.0355982,0.345679
9,1161,0.0287338,0,0.0225613,0,0.0340855,0,0.00615357,0.00617251,-0.00535167,0.000820842,0.0287338,0.0115242,0.661904,0,51,30,0,0.080638,0,1.89245e-06,0,0.0242827,0,0.0775498,0.0806361,0.0563553,0.136991,0.080638,0.0242808,7.7934e-05,0,2,79,0.527778,0.00570438,0.37037
9,1170,0.0114823,0,0.00495764,0,0.0164893,0,0.00650349,0.00652469,-0.00500695,0.00151774,0.0114823,0.0115316,0.300658,0,51,30,0,0.0473534,0,0.00129658,0,1.01328e-06,0,0.0450276,0.0460569,0.0473524,0.0934093,0.0473534,0.00129557,1279.59,0,73,8,0.558642,0.0847675,0.320988
9,1179,0.00572906,0,0.00383444,0,0.00749257,0,0.0018928,0.00189462,-0.00176351,0.000131107,0.00572906,0.00365813,0.511766,0,51,30,0,0.0194684,0,2.78155e-07,0,0.00411524,0,0.0192811,0.0194681,0.0153532,0.0348213,0.0194684,0.00411496,6.75915e-05,0,3,78,0.534568,0.0226831,0.358025
9,1188,0.0150731,0,0.00489955,0,0.0199801,0,0.0101222,0.0101736,-0.00490702,0.00526654,0.0150731,0.0150806,0.245221,0,51,30,0,0.0511217,0,3.12593e-07,0,0.000685604,0,0.0498575,0.0511214,0.0504361,0.101558,0.0511217,0.000685291,0.000455938,0,10,71,0.577778,0.128354,0.296296
9,1197,0.0150328,0,0.0043573,0,0.0217114,0,0.0106189,0.0106755,-0.00667863,0.00399684,0.0150328,0.0173541,0.200692,0,51,30,0,0.0511217,0,2.27822e-07,0,0.000685598,0,0.0498577,0.0511215,0.0504361,0.101558,0.0511217,0.00068537,0.000332297,0,10,71,0.577778,0.128354,0.296296
9,1206,0.00774627,0,0.0053353,0,0.00842915,0,0.00240799,0.00241097,-0.000682883,0.00172808,0.00774627,0.00309385,0.632959,0,51,30,0,0.0123457,0,0.00597372,0,-2.83832e-09,0,0.00635176,0.00637196,0.0123457,0.0187176,0.0123457,0.00597372,2.10467e+06,0,32,49,0.558642,0.115707,0.320988
9,1215,0.0764947,0,0.0318761,0,0.107166,0,0.0436518,0.0446186,-0.0306715,0.0139471,0.0764947,0.0752902,0.297445,0,51,30,0,0.224727,0,0.0077674,0,-1.44496e-07,0,0.196356,0.21696,0.224727,0.441687,0.224727,0.00776754,53755,0,69,12,0.577778,0.13198,0.296296
9,1224,0.0159769,0,0.00557734,0,0.021456,0,0.0103459,0.0103995,-0.0054791,0.00492042,0.0159769,0.0158786,0.259944,0,51,30,0,0.0493829,0,2.84558e-09,0,1.22822e-07,0,0.0482023,0.0493829,0.0493828,0.0987657,0.0493829,1.19976e-07,0.0231683,0,69,12,0.577778,0.13198,0.296296
9,1233,0.00557575,0,0.000958605,0,0.00854266,0,0.00460659,0.00461714,-0.00296691,0.00165023,0.00557575,0.00758406,0.112214,0,51,30,0,0.0293018,0,0.00286503,0,0.0123567,0,0.0260933,0.0264367,0.016945,0.0433818,0.0293018,0.00949169,0.23186,0,79,2,0.541975,0.0355982,0.345679
9,1242,0.00843219,0,0.00193658,0,0.012743,0,0.00647459,0.00649562,-0.00431083,0.00218479,0.00843219,0.0108064,0.151972,0,51,30,0,0.0479208,0,1.37091e-07,0,0.000948669,0,0.0468079,0.0479207,0.0469722,0.0948929,0.0479208,0.000948532,0.000144508,0,5,76,0.55,0.0600287,0.333333
9,1251,0.000411522,0,0,0,0.000823045,0,0.000411426,0.000411522,-0.000411523,-5.82077e-11,0.000411522,0.000823045,0,0,51,30,0,0.00617284,0,0,0,0.0123457,0,0.00615392,0.00617284,-0.00617285,-1.30385e-08,0.00617284,0.0123457,0,0,79,2,0.541975,0.0355982,0.345679
9,1260,0.00505127,0,0.0049383,0,0.00476799,0,0.000113004,0.00011297,0.00028328,0.000396251,0.00505127,0.00017031,1.03572,0,51,30,0,0.0172841,0,0.00299856,0,1.20799e-06,0,0.0141844,0.0142855,0.0172829,0.0315684,0.0172841,0.00299735,2482.28,0,75,6,0.50679,-0.0276527,0.419753
9,1269,0.00442188,0,0.00397,0,0.00499503,0,0.000451701,0.000451874,-0.000573156,-0.000121281,0.00442188,0.00102503,0.79479,0,51,30,0,0.0123457,0,8.80435e-08,0,5.12728e-09,0,0.01227,0.0123456,0.0123457,0.0246914,0.0123457,8.29162e-08,17.1716,0,18,63,0.516049,0.0156937,0.395062
9,1278,0.00310661,0,0.000484144,0,0.00593161,0,0.00261905,0.00262246,-0.00282501,-0.000202542,0.00310661,0.00544747,0.081621,0,51,30,0,0.01472,0,1.39077e-07,0,0.00150056,0,0.0146126,0.0147198,0.0132194,0.0279392,0.01472,0.00150042,9.26839e-05,0,3,78,0.55,0.0550875,0.333333
9,1287,0.000484144,0,0.000948922,0,0,0,-0.000464905,-0.000464778,0.000484144,1.93658e-05,0.000484144,0.000948922,inf,0,51,30,0,0.0123457,0,7.45058e-09,0,0,0,0.0122701,0.0123457,0.0123457,0.0246913,0.0123457,7.45058e-09,inf,0,2,79,0.516049,-0.0189905,0.395062
9,1296,0.0139434,0,0.00534498,0,0.0118065,0,0.00856169,0.00859843,0.00213694,0.0107354,0.0139434,0.00646149,0.452716,0,51,30,0,0.0419439,0,7.2817e-06,0,0.00781524,0,0.0410811,0.0419366,0.0341286,0.0760652,0.0419439,0.00780796,0.000931731,0,3,78,0.55,0.0550875,0.333333
9,1305,0.000823045,0,0,0,0.00158933,0,0.000822682,0.000823045,-0.000766283,5.67615e-05,0.000823045,0.00158933,0,0,51,30,0,0.0123457,0,7.45058e-09,0,0,0,0.0122701,0.0123457,0.0123457,0.0246913,0.0123457,7.45058e-09,inf,0,2,79,0.541975,0.0355982,0.345679
9,1314,0.00665698,0,0.00522879,0,0.00797504,0,0.00142723,0.00142819,-0.00131806,0.000110126,0.00665698,0.00274625,0.655644,0,51,30,0,0.0230508,0,0.0123701,0,0.0054095,0,0.010624,0.0106806,0.0176413,0.0283219,0.0230508,0.00696064,2.28674,0,2,79,0.541975,0.0355982,0.345679
9,1323,0,0,0,0,0,0,0,0,0,0,0,0,nan,0,51,30,0,0,0,0,0,0,0,0,0,0,0,0,0,nan,0,44,37,0.5,0.000274273,0.444444
9,1332,0.00123457,0,0,0,0.00229885,0,0.00123377,0.00123457,-0.00106428,0.000170285,0.00123457,0.00229885,0,0,51,30,0,0.0123457,0,-8.9407e-08,0,0,0,0.0122702,0.0123458,0.0123457,0.0246915,0.0123457,8.9407e-08,inf,0,3,78,0.55,0.0550875,0.333333
9,1341,0.00501092,0,0.00222707,0,0.00706685,0,0.00278003,0.00278386,-0.00205592,0.000727933,0.00501092,0.00483978,0.315143,0,51,30,0,0.0145338,0,0.0493885,0,0.00364641,0,-0.0354767,-0.0348548,0.0108874,-0.0239674,0.0145338,0.0457421,13.5444,0,2,79,0.541975,0.0355982,0.345679
9,1350,0.00653594,0,0.00772693,0,0.00567618,0,-0.00119173,-0.00119099,0.000859756,-0.000331235,0.00653594,0.00205075,1.36129,0,51,30,0,0.038131,0,6.3628e-06,0,0.00528929,0,0.0374159,0.0381246,0.0328417,0.0709663,0.038131,0.00528292,0.00120296,0,2,79,0.516049,-0.0189905,0.395062
9,1359,0,0,0,0,0,0,0,0,0,0,0,0,nan,0,51,30,0,0,0,0,0,0,0,0,0,0,0,0,0,nan,0,39,42,0.503086,0.00678593,0.432099
9,1368,0.00123457,0,0,0,0.00263942,0,0.00123377,0.00123457,-0.00140485,-0.000170285,0.00123457,0.00263942,0,0,51,30,0,0.0128145,0,0.000312549,0,0.0493827,0,0.0124245,0.012502,-0.0365682,-0.0240662,0.0128145,0.0490701,0.00632911,0,79,2,0.541975,0.0355982,0.345679
9,1377,0.00267087,0,0.00397,0,0.000823045,0,-0.00129999,-0.00129913,0.00184783,0.000548699,0.00267087,0.00314696,4.82356,0,51,30,0,0.0123457,0,3.1455e-07,0,0,0,0.0122697,0.0123454,0.0123457,0.0246911,0.0123457,3.1455e-07,inf,0,11,70,0.494444,-0.0414694,0.481481
9,1386,0.00134753,0,0.00193658,0,0.000823045,0,-0.000589187,-0.000589045,0.00052449,-6.45551e-05,0.00134753,0.00111353,2.35294,0,51,30,0,0.0128267,0,-4.47035e-08,0,0.000320667,0,0.0127451,0.0128267,0.012506,0.0253328,0.0128267,0.000320711,0.000139408,0,4,77,0.516049,-0.0135019,0.395062
9,1395,0.000823045,0,0,0,0.00161771,0,0.000822682,0.000823045,-0.000794664,2.83808e-05,0.000823045,0.00161771,0,0,51,30,0,0.0123457,0,0.0123457,0,0,0,0,-1.30385e-08,0.0123457,0.0123457,0.0123457,0.0123457,inf,0,2,79,0.541975,0.0355982,0.345679
9,1404,0.00192044,0,0.000484144,0,0.00329218,0,0.00143532,0.0014363,-0.00137174,6.4557e-05,0.00192044,0.00280804,0.147059,0,51,30,0,0.0308642,0,0.111112,0,0,0,-0.0836504,-0.0802473,0.0308642,-0.0493831,0.0308642,0.111112,inf,0,2,79,0.527778,0.00570438,0.37037
9,1413,0.0116921,0,0.00720408,0,0.0159217,0,0.00447807,0.00448804,-0.00422959,0.000258449,0.0116921,0.00871763,0.452469,0,51,30,0,0.0269519,0,0.00598158,0,3.01335e-07,0,0.0207535,0.0209703,0.0269516,0.0479218,0.0269519,0.00598128,19850.3,0,71,10,0.577778,0.128354,0.296296
9,1422,0.00512388,0,0.00249819,0,0.00740741,0,0.00262226,0.00262569,-0.00228353,0.000342154,0.00512388,0.00490922,0.337256,0,51,30,0,0.0339899,0,0.111113,0,0.002845,0,-0.0802592,-0.0771229,0.0311449,-0.045978,0.0339899,0.108268,39.0555,0,2,79,0.527778,0.00570438,0.37037
9,1431,0.00297749,0,0.000987654,0,0.00482475,0,0.00198786,0.00198984,-0.00184725,0.000142585,0.00297749,0.00383709,0.204706,0,51,30,0,0.0315675,0,0.111111,0,0.000913604,0,-0.0828854,-0.0795434,0.0306539,-0.0488895,0.0315675,0.110197,121.618,0,2,79,0.527778,0.00570438,0.37037
9,1440,0.00814971,0,0.00687487,0,0.00871296,0,0.00127401,0.00127484,-0.000563253,0.000711584,0.00814971,0.00183809,0.78904,0,51,30,0,0.0123456,0,0.0045316,0,0.000823096,0,0.00778368,0.00781404,0.0115225,0.0193366,0.0123456,0.00370851,5.50556,0,51,30,0.5,-0.00309598,0.444444
9,1449,0.00118615,0,0.00139433,0,0.000823045,0,-0.000208221,-0.000208182,0.000363108,0.000154926,0.00118615,0.00057129,1.69412,0,51,30,0,0.0128205,0,-8.9407e-08,0,0.000316556,0,0.0127391,0.0128206,0.012504,0.0253246,0.0128205,0.000316645,0.000282437,0,3,78,0.511111,-0.0265716,0.407407
9,1458,0.0103607,0,0.0079787,0,0.0129417,0,0.00237921,0.00238198,-0.00258101,-0.000199033,0.0103607,0.00496299,0.616512,0,51,30,0,0.0433769,0,5.68728e-07,0,0.00340067,0,0.0424619,0.0433764,0.0399763,0.0833526,0.0433769,0.0034001,0.00016724,0,7,74,0.534568,0.0325754,0.358025
9,1467,0,0,0,0,0,0,0,0,0,0,0,0,nan,0,51,30,0,0,0,0,0,0,0,0,0,0,0,0,0,nan,0,40,41,0.495679,-0.00795065,0.469136
9,1476,0.000927943,0,0.000958605,0,0.000823045,0,-3.06969e-05,-3.06625e-05,0.000104898,7.42353e-05,0.000927943,0.00013556,1.16471,0,51,30,0,0.0128145,0,0.0123456,0,0.000312549,0,0.00046874,0.000468854,0.0125019,0.0129708,0.0128145,0.0120331,39.4999,0,2,79,0.516049,-0.0189905,0.395062
9,1485,0,0,0,0,0,0,0,0,0,0,0,0,nan,0,51,30,0,0,0,0,0,0,0,0,0,0,0,0,0,nan,0,42,39,0.5,0.000616903,0.444444
9,1494,0.00782701,0,0.00493828,0,0.010359,0,0.00288463,0.00288873,-0.00253201,0.00035672,0.00782701,0.00542074,0.476713,0,51,30,0,0.0524292,0,-7.94729e-08,0,0.00226577,0,0.0511011,0.0524293,0.0501634,0.102593,0.0524292,0.00226585,3.50755e-05,0,4,77,0.541975,0.0407929,0.345679
9,1503,0.00652787,0,0.00600343,0,0.00593161,0,0.000524383,0.000524446,0.000596263,0.00112071,0.00652787,7.18166e-05,1.01211,0,51,30,0,0.0123457,0,5.57279e-08,0,1.19853e-08,0,0.0122701,0.0123456,0.0123457,0.0246913,0.0123457,4.37426e-08,4.6497,0,42,39,0.521605,0.0438001,0.382716
9,1512,0.000968288,0,0.00193658,0,0,0,-0.000968687,-0.000968288,0.000968288,1.16415e-10,0.000968288,0.00193658,inf,0,51,30,0,0.0246913,0,0.0493827,0,0,0,-0.0250013,-0.0246914,0.0246913,-5.21541e-08,0.0246913,0.0493827,inf,0,2,79,0.527778,0.00570438,0.37037
9,1521,0.00219479,0,0.000948922,0,0.00329218,0,0.00124508,0.00124587,-0.00109738,0.000148488,0.00219479,0.00234326,0.288235,0,51,30,0,0.0137702,0,0.000925,0,-1.6888e-07,0,0.0127635,0.0128452,0.0137704,0.0266157,0.0137702,0.000925169,5477.27,0,78,3,0.521605,-0.00453662,0.382716
9,1530,0.005253,0,0.00542245,0,0.00536399,0,-0.00016953,-0.000169451,-0.00011099,-0.000280441,0.005253,5.8461e-05,1.0109,0,51,30,0,0.0123457,0,1.3421e-07,0,6.2701e-09,0,0.01227,0.0123456,0.0123457,0.0246913,0.0123457,1.2794e-07,21.4047,0,25,56,0.497531,-0.0125777,0.45679
9,1539,0,0,0,0,0,0,0,0,0,0,0,0,nan,0,51,30,0,0,0,0,0,0,0,0,0,0,0,0,0,nan,0,43,38,0.5,0.000479879,0.444444
9,1548,0,0,0,0,0,0,0,0,0,0,0,0,nan,0,51,30,0,0,0,0,0,0,0,0,0,0,0,0,0,nan,0,53,28,0.495679,-0.0133682,0.469136
9,1557,0,0,0,0,0,0,0,0,0,0,0,0,nan,0,51,30,0,0,0,0,0,0,0,0,0,0,0,0,0,nan,0,39,42,0.494444,-0.0104874,0.481481
9,1566,0.00846443,0,0.00797869,0,0.00840074,0,0.00048566,0.000485735,6.36848e-05,0.00054942,0.00846443,0.00042205,0.94976,0,51,30,0,0.037037,0,0.111116,0,0.00675586,0,-0.0769667,-0.0740792,0.0302811,-0.0437982,0.037037,0.10436,16.4474,0,2,79,0.541975,0.0355982,0.345679
9,1575,0.0477446,0,0.0327766,0,0.0654747,0,0.0148571,0.014968,-0.0177301,-0.00276212,0.0477446,0.0326982,0.500599,0,51,30,0.316872,0.287799,0,0.00618231,0,0.0186746,0,0.248122,0.281616,0.269124,0.55074,0.287799,0.0124923,0.331054,0,4,77,0.527778,0.01106,0.37037
9,1584,0.0189785,0,0.00245946,0,0.0355896,0,0.0163841,0.0165191,-0.0166111,-9.20221e-05,0.0189785,0.0331301,0.0691061,0,51,30,0,0.229412,0,0.444449,0,0.00355825,0,-0.242119,-0.215037,0.225854,0.0108164,0.229412,0.440891,124.907,0,2,79,0.541975,0.0355982,0.345679
9,1593,0.00557574,0,0.000484144,0,0.0110402,0,0.00507875,0.00509159,-0.00546444,-0.000372845,0.00557574,0.010556,0.0438529,0,51,30,0,0.0586812,0,0.0014826,0,0.111119,0,0.0556226,0.0571986,-0.0524377,0.00476097,0.0586812,0.109636,0.0133425,0,79,2,0.541975,0.0355982,0.345679
9,1602,0.0233277,0,0.02382,0,0.0219384,0,-0.000492396,-0.000492269,0.00138929,0.000897024,0.0233277,0.00188156,1.08577,0,51,30,0,0.0756782,0,0.024688,0,0.0178224,0,0.0497328,0.0509902,0.0578558,0.108846,0.0756782,0.0068656,1.38522,0,4,77,0.516049,-0.0135019,0.395062
9,1611,0,0,0,0,0,0,0,0,0,0,0,0,nan,0,51,30,0,0,0,0,0,0,0,0,0,0,0,0,0,nan,0,37,44,0.493827,-0.012068,0.493827
9,1620,0,0,0,0,0,0,0,0,0,0,0,0,nan,0,51,30,0,0,0,0,0,0,0,0,0,0,0,0,0,nan,0,44,37,0.494444,-0.0108338,0.481481
9,1629,0,0,0,0,0,0,0,0,0,0,0,0,nan,0,51,30,0,0,0,0,0,0,0,0,0,0,0,0,0,nan,0,41,40,0.495679,-0.00795065,0.469136
9,1638,0.00455098,0,0.00384412,0,0.00499503,0,0.000706542,0.000706855,-0.000444056,0.000262798,0.00455098,0.00115091,0.769589,0,51,30,0,0.0162964,0,0.00241575,0,9.51687e-07,0,0.0137852,0.0138806,0.0162954,0.0301761,0.0162964,0.0024148,2538.38,0,75,6,0.541975,0.0456592,0.345679
9,1647,0.00164609,0,0,0,0.00295161,0,0.00164469,0.00164609,-0.00130552,0.000340577,0.00164609,0.00295161,0,0,51,30,0,0.0123457,0,-4.47035e-08,0,0,0,0.0122701,0.0123457,0.0123457,0.0246914,0.0123457,4.47035e-08,inf,0,4,77,0.558642,0.0756966,0.320988
9,1656,0.0129025,0,0.00755267,0,0.0164893,0,0.00533561,0.00534981,-0.00358683,0.00176297,0.0129025,0.00893664,0.458034,0,51,30,0,0.0469464,0,2.49147e-06,0,0.00656271,0,0.0458754,0.0469439,0.0403837,0.0873276,0.0469464,0.00656022,0.000379641,0,5,76,0.55,0.0600287,0.333333
9,1665,0.00123457,0,0,0,0.00229885,0,0.00123377,0.00123457,-0.00106428,0.000170285,0.00123457,0.00229885,0,0,51,30,0,0.0123457,0,0,0,-4.96705e-08,0,0.0122701,0.0123457,0.0123457,0.0246914,0.0123457,4.96705e-08,0,0,78,3,0.55,0.0550875,0.333333
9,1674,0.0020092,0,0.0014718,0,0.00229885,0,0.000537251,0.000537406,-0.000289646,0.00024776,0.0020092,0.000827052,0.640232,0,51,30,0,0.014221,0,8.9407e-07,0,0.00120211,0,0.0141201,0.0142201,0.0130189,0.0272391,0.014221,0.00120122,0.00074375,0,2,79,0.516049,-0.0189905,0.395062
9,1683,0.00346165,0,0.00139433,0,0.00570456,0,0.00206507,0.00206731,-0.00224291,-0.000175593,0.00346165,0.00431022,0.244425,0,51,30,0,0.0160965,0,7.33137e-06,0,0.002276,0,0.0159611,0.0160891,0.0138205,0.0299096,0.0160965,0.00226866,0.00322117,0,2,79,0.541975,0.0355982,0.345679
9,1692,0.000411522,0,0,0,0.000823045,0,0.000411426,0.000411522,-0.000411523,-5.82077e-11,0.000411522,0.000823045,0,0,51,30,0,0.00617284,0,0,0,0.0123457,0,0.00615392,0.00617284,-0.00617285,-1.30385e-08,0.00617284,0.0123457,0,0,79,2,0.541975,0.0355982,0.345679
9,1701,0.00980391,0,0.012549,0,0.00740741,0,-0.00274887,-0.00274509,0.0023965,-0.000348596,0.00980391,0.00514159,1.69411,0,51,30,0.316872,0.111111,0,-2.96036e-06,0,0,0,0.105363,0.111114,0.111111,0.222225,0.111111,2.96036e-06,inf,0,4,77,0.516049,-0.0135019,0.395062
9,1710,0.0182522,0,0.0203922,0,0.0158933,0,-0.00214222,-0.00213996,0.00235886,0.000218898,0.0182522,0.00449882,1.28306,0,51,30,0.316872,0.142537,0,-1.30783e-05,0,0.00578888,0,0.133263,0.14255,0.136748,0.279299,0.142537,0.00580196,0.0022592,0,4,77,0.516049,-0.0135019,0.395062
9,1719,0.210023,0,0.188235,0,0.225798,0,0.0215539,0.0217878,-0.0157751,0.00601269,0.210023,0.037563,0.833643,0,51,30,0,0.444446,0,-1.33212e-06,0,-3.43267e-07,0,0.367727,0.444447,0.444446,0.888894,0.444446,9.88849e-07,3.8807,0,28,53,0.516049,0.0275634,0.395062
9,1728,0.00648753,0,0.00522879,0,0.00783314,0,0.00125794,0.00125874,-0.0013456,-8.68631e-05,0.00648753,0.00260435,0.667522,0,51,30,0,0.0165652,0,0.0493963,0,0.00562589,0,-0.0333821,-0.032831,0.0109393,-0.0218917,0.0165652,0.0437704,8.78017,0,2,79,0.541975,0.0355982,0.345679
9,1737,0.00678608,0,0.00542245,0,0.00593161,0,0.00136271,0.00136363,0.000854466,0.00221809,0.00678608,0.000509162,0.914161,0,51,30,0,0.0123457,0,4.88931e-08,0,1.85325e-08,0,0.0122701,0.0123456,0.0123457,0.0246913,0.0123457,3.03605e-08,2.63823,0,46,35,0.55,0.0996912,0.333333
9,1746,0.0199711,0,0.0171001,0,0.0223925,0,0.00286692,0.00287102,-0.00242146,0.000449555,0.0199711,0.00529248,0.76365,0,51,30,0,0.0481484,0,3.11079e-07,0,0.000809126,0,0.0470248,0.048148,0.0473392,0.0954873,0.0481484,0.000808815,0.000384463,0,21,60,0.521605,0.03125,0.382716
9,1755,0,0,0,0,0,0,0,0,0,0,0,0,nan,0,51,30,0,0,0,0,0,0,0,0,0,0,0,0,0,nan,0,47,34,0.503086,0.00542247,0.432099
9,1764,0.035423,0,0.0108836,0,0.050518,0,0.0242431,0.0245394,-0.015095,0.0094444,0.035423,0.0396344,0.21544,0,51,30,0,0.105413,0,0.0329209,0,0.0217396,0,0.0699847,0.0724918,0.0836731,0.156165,0.105413,0.0111813,1.51433,0,3,78,0.55,0.0550875,0.333333
9,1773,0.00593078,0,0.00575167,0,0.00627219,0,0.000179036,0.00017911,-0.000341404,-0.000162294,0.00593078,0.000520514,0.917012,0,51,30,0,0.0123457,0,4.1115e-08,0,1.39718e-08,0,0.0122701,0.0123457,0.0123457,0.0246913,0.0123457,2.71432e-08,2.94271,0,50,31,0.503086,0.00378137,0.432099
9,1782,0.00588237,0,0.00610026,0,0.00593161,0,-0.000217879,-0.00021789,-4.92437e-05,-0.000267134,0.00588237,0.000168646,1.02843,0,51,30,0,0.0123457,0,8.42396e-08,0,2.83832e-09,0,0.01227,0.0123456,0.0123457,0.0246913,0.0123457,8.14013e-08,29.6794,0,32,49,0.493827,-0.0141542,0.493827
9,1791,0,0,0,0,0,0,0,0,0,0,0,0,nan,0,51,30,0,0,0,0,0,0,0,0,0,0,0,0,0,nan,0,40,41,0.497531,-0.00424949,0.45679
9,1800,0.0201406,0,0.0192691,0,0.0217114,0,0.00087104,0.000871489,-0.00157084,-0.000699351,0.0201406,0.00244233,0.887509,0,51,30,0,0.0365806,0,0.00151833,0,0.00571099,0,0.0344615,0.0350623,0.0308696,0.0659318,0.0365806,0.00419266,0.265861,0,32,49,0.50679,0.0118181,0.419753
9,1809,0.000411522,0,0,0,0.000823045,0,0.000411426,0.000411522,-0.000411523,-5.82077e-11,0.000411522,0.000823045,0,0,51,30,0,0.00617284,0,0,0,0.0123457,0,0.00615392,0.00617284,-0.00617288,-4.28408e-08,0.00617284,0.0123457,0,0,79,2,0.541975,0.0355982,0.345679
9,1818,0,0,0,0,0,0,0,0,0,0,0,0,nan,0,51,30,0,0,0,0,0,0,0,0,0,0,0,0,0,nan,0,43,38,0.495679,-0.00815795,0.469136
9,1827,0.00806904,0,0.00629392,0,0.00939409,0,0.00177357,0.00177512,-0.00132505,0.000450074,0.00806904,0.00310017,0.669987,0,51,30,0,0.030161,0,2.10181e-05,0,0.00639123,0,0.0296948,0.03014,0.0237698,0.0539098,0.030161,0.00637021,0.00328858,0,2,79,0.541975,0.0355982,0.345679
9,1836,0.00619705,0,0.00629392,0,0.00613028,0,-9.68026e-05,-9.68636e-05,6.6773e-05,-3.00906e-05,0.00619705,0.000163637,1.02669,0,51,30,0,0.0123457,0,5.43479e-08,0,2.11224e-09,0,0.0122701,0.0123456,0.0123457,0.0246913,0.0123457,5.22357e-08,25.73,0,38,43,0.497531,-0.00445602,0.45679
9,1845,0.00564837,0,0.00588723,0,0.00567618,0,-0.000238864,-0.00023886,-2.78098e-05,-0.00026667,0.00564837,0.000211051,1.03718,0,51,30,0,0.0123457,0,1.17374e-07,0,2.51724e-09,0,0.01227,0.0123456,0.0123457,0.0246913,0.0123457,1.14857e-07,46.6281,0,29,52,0.494444,-0.0150096,0.481481
9,1854,0.015872,0,0.0156476,0,0.0168299,0,0.000224327,0.000224371,-0.000957893,-0.000733523,0.015872,0.00118226,0.929752,0,51,30,0,0.0502649,0,0.00532167,0,5.63535e-07,0,0.0439625,0.0449432,0.0502643,0.0952075,0.0502649,0.00532111,9443.38,0,70,11,0.511111,-0.00713529,0.407407
9,1863,0.00729444,0,0.0082111,0,0.0066979,0,-0.00091708,-0.000916663,0.00059654,-0.000320123,0.00729444,0.0015132,1.22592,0,51,30,0,0.0449969,0,1.13323e-06,0,0.00261209,0,0.0440127,0.0449957,0.0423848,0.0873805,0.0449969,0.00261096,0.000433841,0,5,76,0.511111,-0.0212034,0.407407
9,1872,0.0058985,0,0.00559674,0,0.00627218,0,0.000301673,0.000301762,-0.000373677,-7.19158e-05,0.0058985,0.000675439,0.892312,0,51,30,0,0.0160966,0,0.0493945,0,0.0052893,0,-0.033865,-0.033298,0.0108073,-0.0224907,0.0160966,0.0441053,9.33858,0,2,79,0.527778,0.00570438,0.37037
9,1881,0.0185831,0,0.00478336,0,0.0284093,0,0.0137053,0.0137998,-0.00982617,0.00397359,0.0185831,0.0236259,0.168373,0,51,30,0.329218,0.129552,0,0.197564,0,0.00851094,0,-0.0704353,-0.068012,0.121041,0.0530293,0.129552,0.189053,23.213,0,2,79,0.541975,0.0355982,0.345679
9,1890,0.0640123,0,0.0746261,0,0.0566766,0,-0.0106706,-0.0106139,0.00733563,-0.00327824,0.0640123,0.0179495,1.3167,0,51,30,0,0.254159,0,-6.05583e-06,0,0.0372505,0,0.22647,0.254165,0.216908,0.471073,0.254159,0.0372566,0.00016257,0,6,75,0.50679,-0.0276527,0.419753
9,1899,0.0157267,0,0.0138465,0,0.0178516,0,0.0018784,0.00188022,-0.00212488,-0.000244651,0.0157267,0.0040051,0.775645,0,51,30,0,0.0316054,0,0.012706,0,-1.91728e-06,0,0.0187231,0.0188994,0.0316074,0.0505067,0.0316054,0.012708,6627.11,0,75,6,0.50679,-0.0276527,0.419753
9,1908,0,0,0,0,0,0,0,0,0,0,0,0,nan,0,51,30,0,0,0,0,0,0,0,0,0,0,0,0,0,nan,0,45,36,0.5,0,0.444444
9,1917,0.0067296,0,0.00501576,0,0.00613028,0,0.00171241,0.00171383,0.000599316,0.00231315,0.0067296,0.00111451,0.818195,0,51,30,0,0.0123457,0,2.51758e-08,0,3.00051e-08,0,0.0122701,0.0123457,0.0123457,0.0246913,0.0123457,4.8293e-09,0.83905,0,32,49,0.558642,0.115707,0.320988
9,1926,0,0,0,0,0,0,0,0,0,0,0,0,nan,0,51,30,0,0,0,0,0,0,0,0,0,0,0,0,0,nan,0,39,42,0.493827,-0.0117212,0.493827
9,1935,0.0198823,0,0.0249433,0,0.0135093,0,-0.00507376,-0.00506094,0.00637303,0.00131209,0.0198823,0.011434,1.84638,0,51,30,0,0.0528235,0,0.00199698,0,-5.31736e-08,0,0.049577,0.0508265,0.0528236,0.10365,0.0528235,0.00199703,37555.9,0,61,20,0.494444,-0.0251739,0.481481
9,1944,0,0,0,0,0,0,0,0,0,0,0,0,nan,0,51,30,0,0,0,0,0,0,0,0,0,0,0,0,0,nan,0,49,32,0.494444,-0.0129174,0.481481
9,1953,0.00181554,0,0.00139433,0,0.00229885,0,0.000421078,0.00042121,-0.000483304,-6.20943e-05,0.00181554,0.000904515,0.606536,0,51,30,0,0.0123457,0,2.82129e-07,0,0,0,0.0122698,0.0123454,0.0123457,0.0246911,0.0123457,2.82129e-07,inf,0,6,75,0.527778,0.0160772,0.37037
9,1962,0.00145243,0,0.00139433,0,0.00158933,0,5.80532e-05,5.80986e-05,-0.000136895,-7.87962e-05,0.00145243,0.000194993,0.877311,0,51,30,0,0.0123457,0,0,0,-6.482e-08,0,0.0122701,0.0123457,0.0123458,0.0246915,0.0123457,6.482e-08,0,0,76,5,0.521605,0.000716332,0.382716
9,1971,0.000484144,0,0.000987654,0,0,0,-0.000503667,-0.00050351,0.000484144,-1.93657e-05,0.000484144,0.000987654,inf,0,51,30,0,0.0123457,0,0.0493827,0,0,0,-0.0377404,-0.0370371,0.0123457,-0.0246914,0.0123457,0.0493827,inf,0,2,79,0.516049,-0.0189905,0.395062
9,1980,0.00589851,0,0.00559674,0,0.00627219,0,0.000301673,0.000301762,-0.00037368,-7.19172e-05,0.00589851,0.000675442,0.892312,0,51,30,0,0.0123457,0,1.17222e-07,0,7.66679e-09,0,0.01227,0.0123456,0.0123457,0.0246913,0.0123457,1.09556e-07,15.2896,0,30,51,0.50679,0.0105263,0.419753
9,1989,0.0163319,0,0.0119294,0,0.0199801,0,0.00439286,0.00440253,-0.00364824,0.000754293,0.0163319,0.00805077,0.597061,0,51,30,0,0.0493829,0,-3.33453e-10,0,6.21024e-07,0,0.0482023,0.0493829,0.0493823,0.0987652,0.0493829,6.21357e-07,0.00053694,0,66,15,0.534568,0.0485804,0.358025
9,1998,0.000484144,0,0.000987654,0,0,0,-0.000503667,-0.00050351,0.000484144,-1.93657e-05,0.000484144,0.000987654,inf,0,51,30,0,0.0123457,0,0,0,0.0493827,0,0.0122701,0.0123457,-0.0370371,-0.0246914,0.0123457,0.0493827,0,0,79,2,0.516049,-0.0189905,0.395062
9,2007,0.0259985,0,0.00602278,0,0.0265645,0,0.0197788,0.0199757,-0.000566006,0.0194097,0.0259985,0.0205417,0.226723,0,51,30,0,0.0677462,0,0.0156435,0,0.111139,0,0.0507907,0.0521027,-0.0433927,0.00871009,0.0677462,0.0954954,0.140756,0,79,2,0.541975,0.0355982,0.345679
9,2016,0.00145243,0,0.00139433,0,0.00158933,0,5.80532e-05,5.80986e-05,-0.000136895,-7.87962e-05,0.00145243,0.000194993,0.877311,0,51,30,0,0.0123457,0,0,0,-5.28991e-08,0,0.0122701,0.0123457,0.0123458,0.0246915,0.0123457,5.28991e-08,0,0,76,5,0.521605,0.000716332,0.382716
9,2025,0,0,0,0,0,0,0,0,0,0,0,0,nan,0,51,30,0,0,0,0,0,0,0,0,0,0,0,0,0,nan,0,45,36,0.493827,-0.0123457,0.493827
